id,generator,json_path,seed,width,height,connectivity,accessibility,obstacle_density,connected_components,largest_open_area,border_obstacle_ratio,balance,target_score
cellular-0001,cellular,maps/cellular/cellular-0001.json,344548109,32,32,1.0,0.710938,0.289062,1,0.710938,0.669355,0.939063,88.4462
cellular-0002,cellular,maps/cellular/cellular-0002.json,28184900,33,45,1.0,0.954209,0.045791,1,0.954209,0.328947,0.695791,81.393
cellular-0003,cellular,maps/cellular/cellular-0003.json,1454334853,30,37,0.979874,0.716216,0.283784,2,0.701802,0.753846,0.933784,87.9865
cellular-0004,cellular,maps/cellular/cellular-0004.json,972196432,45,42,0.976844,0.616931,0.383069,4,0.602646,0.929412,0.966931,88.1616
cellular-0005,cellular,maps/cellular/cellular-0005.json,1573330380,39,41,0.858491,0.662914,0.337086,3,0.569106,0.839744,0.987086,84.0823
cellular-0006,cellular,maps/cellular/cellular-0006.json,1913856080,30,45,0.998079,0.771111,0.228889,2,0.76963,0.794521,0.878889,88.3746
cellular-0007,cellular,maps/cellular/cellular-0007.json,1082860488,37,41,1.0,0.936058,0.063942,1,0.936058,0.447368,0.713942,82.8495
cellular-0008,cellular,maps/cellular/cellular-0008.json,1579734118,45,36,0.627317,0.632716,0.367284,6,0.396914,0.816456,0.982716,72.3174
cellular-0009,cellular,maps/cellular/cellular-0009.json,976647835,35,31,1.0,0.915207,0.084793,1,0.915207,0.625,0.734793,84.9386
cellular-0010,cellular,maps/cellular/cellular-0010.json,1669244181,47,45,0.983254,0.592908,0.407092,15,0.582979,0.877778,0.942908,82.9367
cellular-0011,cellular,maps/cellular/cellular-0011.json,1996556506,31,34,0.96,0.56926,0.43074,3,0.54649,0.833333,0.91926,84.2372
cellular-0012,cellular,maps/cellular/cellular-0012.json,274345786,31,35,0.989783,0.721659,0.278341,2,0.714286,0.898438,0.928341,89.7888
cellular-0013,cellular,maps/cellular/cellular-0013.json,1710334653,33,43,1.0,0.909796,0.090204,1,0.909796,0.574324,0.740204,84.513
cellular-0014,cellular,maps/cellular/cellular-0014.json,1068912285,49,41,1.0,0.91787,0.08213,1,0.91787,0.517045,0.73213,83.8191
cellular-0015,cellular,maps/cellular/cellular-0015.json,1913186046,40,39,0.990871,0.772436,0.227564,2,0.765385,0.857143,0.877564,88.6533
cellular-0016,cellular,maps/cellular/cellular-0016.json,391652911,36,43,1.0,0.953488,0.046512,1,0.953488,0.318182,0.696512,81.2962
cellular-0017,cellular,maps/cellular/cellular-0017.json,1410867333,47,36,1.0,0.934988,0.065012,1,0.934988,0.444444,0.715012,82.8363
cellular-0018,cellular,maps/cellular/cellular-0018.json,569065700,45,37,0.94953,0.702102,0.297898,2,0.666667,0.80625,0.947898,87.3915
cellular-0019,cellular,maps/cellular/cellular-0019.json,530062329,49,41,0.374625,0.498258,0.501742,9,0.18666,0.863636,0.848258,55.2973
cellular-0020,cellular,maps/cellular/cellular-0020.json,840889069,46,30,0.652308,0.471014,0.528986,11,0.307246,0.885135,0.821014,64.6344
cellular-0021,cellular,maps/cellular/cellular-0021.json,1426093989,40,30,1.0,0.8875,0.1125,1,0.8875,0.558824,0.7625,84.6924
cellular-0022,cellular,maps/cellular/cellular-0022.json,1086833364,49,46,0.925988,0.527507,0.472493,14,0.488465,0.833333,0.877507,76.9283
cellular-0023,cellular,maps/cellular/cellular-0023.json,424564685,44,45,1.0,0.965657,0.034343,1,0.965657,0.350575,0.684343,81.4376
cellular-0024,cellular,maps/cellular/cellular-0024.json,588650773,36,37,0.670841,0.41967,0.58033,22,0.281532,0.915493,0.76967,61.8492
cellular-0025,cellular,maps/cellular/cellular-0025.json,413129663,35,41,1.0,0.885714,0.114286,1,0.885714,0.594595,0.764286,85.0769
cellular-0026,cellular,maps/cellular/cellular-0026.json,324881321,34,45,1.0,0.699346,0.300654,1,0.699346,0.714286,0.950654,89.0693
cellular-0027,cellular,maps/cellular/cellular-0027.json,1800653510,45,41,1.0,0.939295,0.060705,1,0.939295,0.505952,0.710705,83.3868
cellular-0028,cellular,maps/cellular/cellular-0028.json,311460039,32,46,0.989258,0.695652,0.304348,3,0.688179,0.907895,0.954348,89.9224
cellular-0029,cellular,maps/cellular/cellular-0029.json,1261841475,44,38,1.0,0.925837,0.074163,1,0.925837,0.49375,0.724163,83.4666
cellular-0030,cellular,maps/cellular/cellular-0030.json,253991037,32,31,1.0,0.797379,0.202621,1,0.797379,0.631148,0.852621,86.7675
cellular-0031,cellular,maps/cellular/cellular-0031.json,1304143443,46,42,0.999295,0.734472,0.265528,2,0.733954,0.784884,0.915528,88.8836
cellular-0032,cellular,maps/cellular/cellular-0032.json,578508074,39,42,0.995516,0.680708,0.319292,4,0.677656,0.797468,0.969292,88.9851
cellular-0033,cellular,maps/cellular/cellular-0033.json,475019707,36,44,1.0,0.698232,0.301768,1,0.698232,0.858974,0.951768,90.5329
cellular-0034,cellular,maps/cellular/cellular-0034.json,69454423,35,41,1.0,0.961672,0.038328,1,0.961672,0.290541,0.688328,80.897
cellular-0035,cellular,maps/cellular/cellular-0035.json,274754539,45,37,1.0,0.856456,0.143544,1,0.856456,0.66875,0.793544,86.2573
cellular-0036,cellular,maps/cellular/cellular-0036.json,1182094865,41,50,1.0,0.9,0.1,1,0.9,0.426966,0.75,83.1863
cellular-0037,cellular,maps/cellular/cellular-0037.json,641020766,44,49,1.0,0.906772,0.093228,1,0.906772,0.571429,0.743228,84.5294
cellular-0038,cellular,maps/cellular/cellular-0038.json,134718869,41,45,0.98786,0.714363,0.285637,2,0.705691,0.779762,0.935637,88.6279
cellular-0039,cellular,maps/cellular/cellular-0039.json,27373856,45,40,0.589677,0.430556,0.569444,5,0.253889,0.951807,0.780556,62.939
cellular-0040,cellular,maps/cellular/cellular-0040.json,194831711,45,30,1.0,0.825926,0.174074,1,0.825926,0.767123,0.824074,87.699
cellular-0041,cellular,maps/cellular/cellular-0041.json,550946645,45,42,0.999387,0.862963,0.137037,2,0.862434,0.576471,0.787037,84.8746
cellular-0042,cellular,maps/cellular/cellular-0042.json,1860238759,36,42,1.0,0.776455,0.223545,1,0.776455,0.822368,0.873545,88.9935
cellular-0043,cellular,maps/cellular/cellular-0043.json,438360175,35,50,0.997615,0.718857,0.281143,4,0.717143,0.819277,0.931143,88.7208
cellular-0044,cellular,maps/cellular/cellular-0044.json,1222174905,44,38,1.0,0.909689,0.090311,1,0.909689,0.49375,0.740311,83.7088
cellular-0045,cellular,maps/cellular/cellular-0045.json,2009992351,46,32,0.992417,0.716712,0.283288,2,0.711277,0.756579,0.933288,88.5623
cellular-0046,cellular,maps/cellular/cellular-0046.json,57354000,45,40,1.0,0.961111,0.038889,1,0.961111,0.355422,0.688889,81.5542
cellular-0047,cellular,maps/cellular/cellular-0047.json,440858129,42,40,1.0,0.955952,0.044048,1,0.955952,0.3375,0.694048,81.4524
cellular-0048,cellular,maps/cellular/cellular-0048.json,830613070,46,49,0.73436,0.460958,0.539042,8,0.338509,0.962366,0.810958,69.1415
cellular-0049,cellular,maps/cellular/cellular-0049.json,1731213944,50,39,0.951152,0.55641,0.44359,4,0.529231,0.948276,0.90641,83.993
cellular-0050,cellular,maps/cellular/cellular-0050.json,653601719,40,39,1.0,0.776282,0.223718,1,0.776282,0.850649,0.873718,89.2789
cellular-0051,cellular,maps/cellular/cellular-0051.json,2104265999,37,39,1.0,0.935551,0.064449,1,0.935551,0.506757,0.714449,83.451
cellular-0052,cellular,maps/cellular/cellular-0052.json,1486709546,47,39,1.0,0.942717,0.057283,1,0.942717,0.422619,0.707283,82.5021
cellular-0053,cellular,maps/cellular/cellular-0053.json,631531888,39,38,0.401235,0.546559,0.453441,4,0.219298,0.9,0.896559,60.4692
cellular-0054,cellular,maps/cellular/cellular-0054.json,1486277385,34,50,1.0,0.795294,0.204706,1,0.795294,0.810976,0.854706,88.597
cellular-0055,cellular,maps/cellular/cellular-0055.json,1775029963,44,30,0.783198,0.559091,0.440909,6,0.437879,0.916667,0.909091,76.2384
cellular-0056,cellular,maps/cellular/cellular-0056.json,364394980,35,50,1.0,0.906286,0.093714,1,0.906286,0.584337,0.743714,84.6658
cellular-0057,cellular,maps/cellular/cellular-0057.json,1060732212,31,32,0.973064,0.59879,0.40121,2,0.582661,0.95082,0.94879,87.8943
cellular-0058,cellular,maps/cellular/cellular-0058.json,1884125609,50,45,0.981589,0.844889,0.155111,2,0.829333,0.741935,0.805111,85.9659
cellular-0059,cellular,maps/cellular/cellular-0059.json,1347367925,48,39,0.849304,0.652244,0.347756,3,0.553953,0.841176,0.997756,83.8914
cellular-0060,cellular,maps/cellular/cellular-0060.json,1933355541,50,34,0.998399,0.734706,0.265294,2,0.733529,0.823171,0.915294,89.2229
cellular-0061,cellular,maps/cellular/cellular-0061.json,78402358,33,40,1.0,0.923485,0.076515,1,0.923485,0.5,0.726515,83.5644
cellular-0062,cellular,maps/cellular/cellular-0062.json,776296096,32,34,0.998841,0.793199,0.206801,2,0.792279,0.734375,0.856801,87.476
cellular-0063,cellular,maps/cellular/cellular-0063.json,392736149,48,37,0.891107,0.620495,0.379505,11,0.552928,0.819277,0.970495,81.2852
cellular-0064,cellular,maps/cellular/cellular-0064.json,1069971236,42,49,0.989655,0.563654,0.436346,2,0.557823,0.94382,0.913654,86.5955
cellular-0065,cellular,maps/cellular/cellular-0065.json,890869212,39,50,1.0,0.928718,0.071282,1,0.928718,0.5,0.721282,83.4859
cellular-0066,cellular,maps/cellular/cellular-0066.json,981326198,44,45,0.973498,0.571717,0.428283,4,0.556566,0.936782,0.921717,85.6308
cellular-0067,cellular,maps/cellular/cellular-0067.json,204775960,35,48,1.0,0.82381,0.17619,1,0.82381,0.753086,0.82619,87.5904
cellular-0068,cellular,maps/cellular/cellular-0068.json,1689232846,46,47,0.998888,0.8321,0.1679,2,0.831175,0.681319,0.8179,86.3632
cellular-0069,cellular,maps/cellular/cellular-0069.json,1250414106,33,32,1.0,0.892045,0.107955,1,0.892045,0.555556,0.757955,84.5915
cellular-0070,cellular,maps/cellular/cellular-0070.json,1722124446,32,37,1.0,0.918919,0.081081,1,0.918919,0.477612,0.731081,83.409
cellular-0071,cellular,maps/cellular/cellular-0071.json,741527061,47,45,1.0,0.975414,0.024586,1,0.975414,0.238889,0.674586,80.1743
cellular-0072,cellular,maps/cellular/cellular-0072.json,980980606,30,33,1.0,0.948485,0.051515,1,0.948485,0.360656,0.701515,81.796
cellular-0073,cellular,maps/cellular/cellular-0073.json,208444688,41,44,0.9988,0.923503,0.076497,2,0.922395,0.433735,0.726497,82.5099
cellular-0074,cellular,maps/cellular/cellular-0074.json,1135687005,41,43,0.997999,0.850255,0.149745,3,0.848554,0.670732,0.799745,85.6094
cellular-0075,cellular,maps/cellular/cellular-0075.json,990601159,44,43,0.991547,0.625264,0.374736,2,0.619979,0.858824,0.975264,89.2018
cellular-0076,cellular,maps/cellular/cellular-0076.json,239429611,46,50,1.0,0.980435,0.019565,1,0.980435,0.223404,0.669565,79.9442
cellular-0077,cellular,maps/cellular/cellular-0077.json,864012691,38,30,1.0,0.783333,0.216667,1,0.783333,0.80303,0.866667,88.697
cellular-0078,cellular,maps/cellular/cellular-0078.json,1628008289,48,45,1.0,0.960185,0.039815,1,0.960185,0.373626,0.689815,81.7502
cellular-0079,cellular,maps/cellular/cellular-0079.json,214947591,38,33,0.989773,0.701754,0.298246,5,0.694577,0.637681,0.948246,86.4835
cellular-0080,cellular,maps/cellular/cellular-0080.json,71804489,41,43,1.0,0.93477,0.06523,1,0.93477,0.469512,0.71523,83.0902
cellular-0081,cellular,maps/cellular/cellular-0081.json,1399944245,45,31,0.999163,0.856631,0.143369,2,0.855914,0.655405,0.793369,85.7485
cellular-0082,cellular,maps/cellular/cellular-0082.json,1702384514,36,41,0.973257,0.70935,0.29065,4,0.690379,0.853333,0.94065,88.1281
cellular-0083,cellular,maps/cellular/cellular-0083.json,1309281000,38,40,1.0,0.927632,0.072368,1,0.927632,0.460526,0.722368,83.1075
cellular-0084,cellular,maps/cellular/cellular-0084.json,476784841,47,42,0.994487,0.735056,0.264944,2,0.731003,0.758621,0.914944,88.3972
cellular-0085,cellular,maps/cellular/cellular-0085.json,866678874,43,39,1.0,0.709004,0.290996,1,0.709004,0.84375,0.940996,90.2191
cellular-0086,cellular,maps/cellular/cellular-0086.json,1886599651,38,32,0.98692,0.691612,0.308388,2,0.682566,0.875,0.958388,89.8858
cellular-0087,cellular,maps/cellular/cellular-0087.json,1522487349,40,49,1.0,0.942347,0.057653,1,0.942347,0.45977,0.707653,82.8792
cellular-0088,cellular,maps/cellular/cellular-0088.json,466614369,44,42,1.0,0.939935,0.060065,1,0.939935,0.464286,0.710065,82.9605
cellular-0089,cellular,maps/cellular/cellular-0089.json,117031126,33,43,0.993333,0.739958,0.260042,3,0.735025,0.925676,0.910042,89.6087
cellular-0090,cellular,maps/cellular/cellular-0090.json,1475364709,40,47,0.971784,0.640957,0.359043,5,0.622872,0.852941,0.990957,88.1572
cellular-0091,cellular,maps/cellular/cellular-0091.json,1088049015,46,40,1.0,0.83913,0.16087,1,0.83913,0.64881,0.81087,86.3178
cellular-0092,cellular,maps/cellular/cellular-0092.json,1646872707,41,49,1.0,0.897959,0.102041,1,0.897959,0.664773,0.752041,85.595
cellular-0093,cellular,maps/cellular/cellular-0093.json,382174975,30,43,1.0,0.754264,0.245736,1,0.754264,0.760563,0.895736,88.7083
cellular-0094,cellular,maps/cellular/cellular-0094.json,370893414,47,36,1.0,0.958038,0.041962,1,0.958038,0.345679,0.691962,81.5029
cellular-0095,cellular,maps/cellular/cellular-0095.json,1413592172,32,47,1.0,0.860372,0.139628,1,0.860372,0.701299,0.789628,86.5241
cellular-0096,cellular,maps/cellular/cellular-0096.json,372578037,48,38,1.0,0.769737,0.230263,1,0.769737,0.857143,0.880263,89.442
cellular-0097,cellular,maps/cellular/cellular-0097.json,416551217,41,33,0.961071,0.607539,0.392461,6,0.583888,0.770833,0.957539,84.7321
cellular-0098,cellular,maps/cellular/cellular-0098.json,1422792934,33,40,0.991218,0.690152,0.309848,2,0.684091,0.852113,0.959848,89.8675
cellular-0099,cellular,maps/cellular/cellular-0099.json,917712826,38,39,1.0,0.959514,0.040486,1,0.959514,0.346667,0.690486,81.4906
cellular-0100,cellular,maps/cellular/cellular-0100.json,1641054474,30,34,1.0,0.892157,0.107843,1,0.892157,0.556452,0.757843,84.5988
cellular-0101,cellular,maps/cellular/cellular-0101.json,1577809258,33,32,1.0,0.816288,0.183712,1,0.816288,0.650794,0.833712,86.6803
cellular-0102,cellular,maps/cellular/cellular-0102.json,769717112,48,40,0.666977,0.559896,0.440104,4,0.373437,0.843023,0.909896,71.4213
cellular-0103,cellular,maps/cellular/cellular-0103.json,2078597170,40,31,0.991085,0.542742,0.457258,4,0.537903,0.913043,0.892742,84.5337
cellular-0104,cellular,maps/cellular/cellular-0104.json,499833963,34,31,1.0,0.819734,0.180266,1,0.819734,0.730159,0.830266,87.4222
cellular-0105,cellular,maps/cellular/cellular-0105.json,1379314497,30,31,1.0,0.8,0.2,1,0.8,0.79661,0.85,88.3828
cellular-0106,cellular,maps/cellular/cellular-0106.json,1843178377,39,38,1.0,0.914305,0.085695,1,0.914305,0.506667,0.735695,83.7688
cellular-0107,cellular,maps/cellular/cellular-0107.json,1871204142,37,49,1.0,0.888582,0.111418,1,0.888582,0.559524,0.761418,84.6832
cellular-0108,cellular,maps/cellular/cellular-0108.json,41780764,34,31,0.694567,0.64611,0.35389,2,0.448767,0.81746,0.99611,77.1841
cellular-0109,cellular,maps/cellular/cellular-0109.json,873172822,47,42,1.0,0.950861,0.049139,1,0.950861,0.454023,0.699139,82.694
cellular-0110,cellular,maps/cellular/cellular-0110.json,1057444366,47,44,1.0,0.881044,0.118956,1,0.881044,0.668539,0.768956,85.8864
cellular-0111,cellular,maps/cellular/cellular-0111.json,1688049612,35,47,1.0,0.905167,0.094833,1,0.905167,0.51875,0.744833,84.0267
cellular-0112,cellular,maps/cellular/cellular-0112.json,1390586154,46,42,0.899008,0.574017,0.425983,3,0.516046,0.895349,0.924017,82.5852
cellular-0113,cellular,maps/cellular/cellular-0113.json,1956918921,43,43,0.835724,0.414819,0.585181,18,0.346674,0.988095,0.764819,68.6548
cellular-0114,cellular,maps/cellular/cellular-0114.json,465537723,34,42,1.0,0.953782,0.046218,1,0.953782,0.358108,0.696218,81.691
cellular-0115,cellular,maps/cellular/cellular-0115.json,495114231,45,30,1.0,0.953333,0.046667,1,0.953333,0.294521,0.696667,81.0619
cellular-0116,cellular,maps/cellular/cellular-0116.json,1646186113,43,42,1.0,0.957918,0.042082,1,0.957918,0.349398,0.692082,81.5419
cellular-0117,cellular,maps/cellular/cellular-0117.json,815250577,50,39,0.998157,0.834872,0.165128,3,0.833333,0.574713,0.815128,84.888
cellular-0118,cellular,maps/cellular/cellular-0118.json,952803621,48,44,0.9905,0.747633,0.252367,2,0.74053,0.744444,0.902367,87.8863
cellular-0119,cellular,maps/cellular/cellular-0119.json,1473415257,38,38,0.510856,0.542244,0.457756,4,0.277008,0.864865,0.892244,64.4097
cellular-0120,cellular,maps/cellular/cellular-0120.json,1295694404,37,33,0.990426,0.769861,0.230139,3,0.76249,0.816176,0.880139,87.9292
cellular-0121,cellular,maps/cellular/cellular-0121.json,204964204,45,41,0.998688,0.826016,0.173984,2,0.824932,0.702381,0.823984,86.6558
cellular-0122,cellular,maps/cellular/cellular-0122.json,1073387513,40,45,1.0,0.96,0.04,1,0.96,0.349398,0.69,81.5106
cellular-0123,cellular,maps/cellular/cellular-0123.json,1176036994,36,43,0.994054,0.651809,0.348191,4,0.647933,0.88961,0.998191,90.2797
cellular-0124,cellular,maps/cellular/cellular-0124.json,151558902,34,35,0.937413,0.604202,0.395798,5,0.566387,0.753731,0.954202,83.7178
cellular-0125,cellular,maps/cellular/cellular-0125.json,800559239,38,33,1.0,0.960128,0.039872,1,0.960128,0.34058,0.689872,81.4205
cellular-0126,cellular,maps/cellular/cellular-0126.json,458030311,31,49,1.0,0.928901,0.071099,1,0.928901,0.49359,0.721099,83.4191
cellular-0127,cellular,maps/cellular/cellular-0127.json,1171982879,33,38,0.484163,0.528708,0.471292,4,0.255981,0.942029,0.878708,63.4862
cellular-0128,cellular,maps/cellular/cellular-0128.json,259566687,34,44,0.695005,0.629011,0.370989,4,0.437166,0.677632,0.979011,74.3018
cellular-0129,cellular,maps/cellular/cellular-0129.json,2003297366,47,43,0.494777,0.521029,0.478971,9,0.257793,0.880682,0.871029,61.292
cellular-0130,cellular,maps/cellular/cellular-0130.json,1479394043,37,35,1.0,0.894981,0.105019,1,0.894981,0.571429,0.755019,84.7062
cellular-0131,cellular,maps/cellular/cellular-0131.json,2140956194,49,31,0.977376,0.581962,0.418038,8,0.568795,0.929487,0.931962,84.944
cellular-0132,cellular,maps/cellular/cellular-0132.json,186884016,39,36,1.0,0.80698,0.19302,1,0.80698,0.780822,0.84302,88.1202
cellular-0133,cellular,maps/cellular/cellular-0133.json,1298868108,48,45,1.0,0.767593,0.232407,1,0.767593,0.769231,0.882407,88.5951
cellular-0134,cellular,maps/cellular/cellular-0134.json,835312557,39,49,0.317477,0.506018,0.493982,10,0.160649,0.912791,0.856018,53.4925
cellular-0135,cellular,maps/cellular/cellular-0135.json,1455070130,49,37,1.0,0.90513,0.09487,1,0.90513,0.571429,0.74487,84.554
cellular-0136,cellular,maps/cellular/cellular-0136.json,534874144,41,33,0.989933,0.660754,0.339246,3,0.654102,0.930556,0.989246,90.7092
cellular-0137,cellular,maps/cellular/cellular-0137.json,1003385734,34,47,1.0,0.963705,0.036295,1,0.963705,0.322785,0.686295,81.1889
cellular-0138,cellular,maps/cellular/cellular-0138.json,984323007,32,50,0.987045,0.771875,0.228125,3,0.761875,0.825,0.878125,87.8332
cellular-0139,cellular,maps/cellular/cellular-0139.json,354232114,34,30,1.0,0.868627,0.131373,1,0.868627,0.685484,0.781373,86.2421
cellular-0140,cellular,maps/cellular/cellular-0140.json,1088395103,36,49,1.0,0.81746,0.18254,1,0.81746,0.783133,0.83254,87.9861
cellular-0141,cellular,maps/cellular/cellular-0141.json,1347371727,44,38,0.995054,0.604665,0.395335,2,0.601675,0.8875,0.954665,88.5067
cellular-0142,cellular,maps/cellular/cellular-0142.json,1850849015,31,42,1.0,0.78725,0.21275,1,0.78725,0.795775,0.86275,88.5657
cellular-0143,cellular,maps/cellular/cellular-0143.json,1971883371,44,42,1.0,0.908009,0.091991,1,0.908009,0.607143,0.741991,84.868
cellular-0144,cellular,maps/cellular/cellular-0144.json,757239693,42,35,0.987608,0.54898,0.45102,3,0.542177,0.946667,0.89898,85.4027
cellular-0145,cellular,maps/cellular/cellular-0145.json,43061857,46,35,0.75,0.58882,0.41118,7,0.441615,0.924051,0.93882,76.0982
cellular-0146,cellular,maps/cellular/cellular-0146.json,1913523778,38,42,1.0,0.780075,0.219925,1,0.780075,0.839744,0.869925,89.113
cellular-0147,cellular,maps/cellular/cellular-0147.json,1398115093,37,49,1.0,0.892443,0.107557,1,0.892443,0.613095,0.757557,85.161
cellular-0148,cellular,maps/cellular/cellular-0148.json,879382483,48,37,1.0,0.842342,0.157658,1,0.842342,0.686747,0.807658,86.649
cellular-0149,cellular,maps/cellular/cellular-0149.json,844167184,40,41,0.969868,0.647561,0.352439,5,0.628049,0.905063,0.997561,88.9556
cellular-0150,cellular,maps/cellular/cellular-0150.json,1838912876,50,34,1.0,0.924118,0.075882,1,0.924118,0.445122,0.725882,83.0061
cellular-0151,cellular,maps/cellular/cellular-0151.json,1473660863,37,41,0.933067,0.659855,0.340145,3,0.615689,0.776316,0.990145,86.724
cellular-0152,cellular,maps/cellular/cellular-0152.json,432570802,45,48,0.983138,0.631481,0.368519,6,0.620833,0.884615,0.981481,88.1088
cellular-0153,cellular,maps/cellular/cellular-0153.json,636326375,35,33,0.995025,0.696104,0.303896,3,0.692641,0.818182,0.953896,89.2717
cellular-0154,cellular,maps/cellular/cellular-0154.json,1202988695,37,35,0.994664,0.723552,0.276448,3,0.719691,0.757143,0.926448,88.2308
cellular-0155,cellular,maps/cellular/cellular-0155.json,1031613007,43,42,1.0,0.918051,0.081949,1,0.918051,0.710843,0.731949,85.7543
cellular-0156,cellular,maps/cellular/cellular-0156.json,1849705480,35,42,0.857793,0.597959,0.402041,3,0.512925,0.84,0.947959,81.5709
cellular-0157,cellular,maps/cellular/cellular-0157.json,1021477967,44,45,1.0,0.909091,0.090909,1,0.909091,0.632184,0.740909,85.1021
cellular-0158,cellular,maps/cellular/cellular-0158.json,679317372,41,37,1.0,0.719183,0.280817,1,0.719183,0.855263,0.930817,90.1816
cellular-0159,cellular,maps/cellular/cellular-0159.json,843247796,38,46,1.0,0.770595,0.229405,1,0.770595,0.780488,0.879405,88.6626
cellular-0160,cellular,maps/cellular/cellular-0160.json,2059103496,38,43,1.0,0.941248,0.058752,1,0.941248,0.462025,0.708752,82.9182
cellular-0161,cellular,maps/cellular/cellular-0161.json,1605224448,43,35,0.994715,0.628571,0.371429,5,0.625249,0.907895,0.978571,89.0087
cellular-0162,cellular,maps/cellular/cellular-0162.json,669116330,45,42,1.0,0.955556,0.044444,1,0.955556,0.423529,0.694444,82.3186
cellular-0163,cellular,maps/cellular/cellular-0163.json,511136515,32,39,1.0,0.890224,0.109776,1,0.890224,0.65942,0.759776,85.6575
cellular-0164,cellular,maps/cellular/cellular-0164.json,452230828,32,31,1.0,0.708669,0.291331,1,0.708669,0.877049,0.941331,90.5571
cellular-0165,cellular,maps/cellular/cellular-0165.json,310400202,48,49,1.0,0.823554,0.176446,1,0.823554,0.652632,0.826446,86.5897
cellular-0166,cellular,maps/cellular/cellular-0166.json,647765241,41,35,1.0,0.850174,0.149826,1,0.850174,0.587838,0.799826,85.5424
cellular-0167,cellular,maps/cellular/cellular-0167.json,500831790,39,43,0.95539,0.641622,0.358378,5,0.612999,0.8875,0.991622,87.8368
cellular-0168,cellular,maps/cellular/cellular-0168.json,1267738098,31,47,1.0,0.881263,0.118737,1,0.881263,0.559211,0.768737,84.7898
cellular-0169,cellular,maps/cellular/cellular-0169.json,812213254,36,30,1.0,0.935185,0.064815,1,0.935185,0.492188,0.714815,83.3108
cellular-0170,cellular,maps/cellular/cellular-0170.json,805123972,35,43,1.0,0.948837,0.051163,1,0.948837,0.460526,0.701163,82.7894
cellular-0171,cellular,maps/cellular/cellular-0171.json,367786114,34,31,1.0,0.896584,0.103416,1,0.896584,0.619048,0.753416,85.1584
cellular-0172,cellular,maps/cellular/cellular-0172.json,1895008713,40,37,0.586592,0.60473,0.39527,3,0.35473,0.926667,0.95473,71.3746
cellular-0173,cellular,maps/cellular/cellular-0173.json,19350367,31,33,1.0,0.922776,0.077224,1,0.922776,0.540323,0.727224,83.9783
cellular-0174,cellular,maps/cellular/cellular-0174.json,76221593,42,43,0.967362,0.610742,0.389258,4,0.590808,0.837349,0.960742,86.5032
cellular-0175,cellular,maps/cellular/cellular-0175.json,120722296,31,44,1.0,0.860704,0.139296,1,0.860704,0.719178,0.789296,86.6979
cellular-0176,cellular,maps/cellular/cellular-0176.json,1119088248,36,31,0.58548,0.382616,0.617384,17,0.224014,0.953846,0.732616,57.2247
cellular-0177,cellular,maps/cellular/cellular-0177.json,124669568,37,42,0.984466,0.662806,0.337194,5,0.65251,0.733766,0.987194,87.807
cellular-0178,cellular,maps/cellular/cellular-0178.json,1507822062,34,40,1.0,0.851471,0.148529,1,0.851471,0.604167,0.798529,85.6863
cellular-0179,cellular,maps/cellular/cellular-0179.json,814135080,35,31,0.972074,0.693088,0.306912,3,0.673733,0.78125,0.956912,87.9413
cellular-0180,cellular,maps/cellular/cellular-0180.json,1538275001,30,47,1.0,0.971631,0.028369,1,0.971631,0.246667,0.678369,80.3089
cellular-0181,cellular,maps/cellular/cellular-0181.json,918747329,45,39,0.999257,0.766382,0.233618,2,0.765812,0.768293,0.883618,88.2368
cellular-0182,cellular,maps/cellular/cellular-0182.json,1237672433,42,48,0.980645,0.615079,0.384921,6,0.603175,0.863636,0.965079,86.897
cellular-0183,cellular,maps/cellular/cellular-0183.json,1337132720,39,30,1.0,0.94188,0.05812,1,0.94188,0.477612,0.70812,83.0646
cellular-0184,cellular,maps/cellular/cellular-0184.json,205877389,40,36,1.0,0.892361,0.107639,1,0.892361,0.648649,0.757639,85.5177
cellular-0185,cellular,maps/cellular/cellular-0185.json,1434438536,44,47,1.0,0.703578,0.296422,1,0.703578,0.848315,0.946422,90.3461
cellular-0186,cellular,maps/cellular/cellular-0186.json,740315733,34,47,0.981301,0.769712,0.230288,3,0.755319,0.797468,0.880288,87.3302
cellular-0187,cellular,maps/cellular/cellular-0187.json,1849289323,40,49,0.999326,0.756633,0.243367,2,0.756122,0.804598,0.893367,88.7494
cellular-0188,cellular,maps/cellular/cellular-0188.json,1298192983,39,40,1.0,0.944231,0.055769,1,0.944231,0.337662,0.705769,81.6298
cellular-0189,cellular,maps/cellular/cellular-0189.json,1815624174,38,38,0.380192,0.433518,0.566482,18,0.16482,0.966216,0.783518,51.7874
cellular-0190,cellular,maps/cellular/cellular-0190.json,1244654426,44,35,1.0,0.84026,0.15974,1,0.84026,0.532468,0.80974,85.1374
cellular-0191,cellular,maps/cellular/cellular-0191.json,1238059726,43,35,1.0,0.851163,0.148837,1,0.851163,0.644737,0.798837,86.0966
cellular-0192,cellular,maps/cellular/cellular-0192.json,487263331,47,41,1.0,0.929424,0.070576,1,0.929424,0.447674,0.720576,82.9521
cellular-0193,cellular,maps/cellular/cellular-0193.json,1947894419,46,47,1.0,0.929695,0.070305,1,0.929695,0.472527,0.720305,83.1965
cellular-0194,cellular,maps/cellular/cellular-0194.json,550245997,45,40,1.0,0.865556,0.134444,1,0.865556,0.704819,0.784444,86.4815
cellular-0195,cellular,maps/cellular/cellular-0195.json,1021072310,30,37,1.0,0.907207,0.092793,1,0.907207,0.461538,0.742793,83.4239
cellular-0196,cellular,maps/cellular/cellular-0196.json,141439098,42,38,1.0,0.931704,0.068296,1,0.931704,0.512821,0.718296,83.5693
cellular-0197,cellular,maps/cellular/cellular-0197.json,694971426,36,31,1.0,0.748208,0.251792,1,0.748208,0.715385,0.901792,88.3474
cellular-0198,cellular,maps/cellular/cellular-0198.json,871987039,32,47,1.0,0.918218,0.081782,1,0.918218,0.512987,0.731782,83.7733
cellular-0199,cellular,maps/cellular/cellular-0199.json,143578027,44,34,1.0,0.870321,0.129679,1,0.870321,0.625,0.779679,85.6119
cellular-0200,cellular,maps/cellular/cellular-0200.json,1459571696,37,48,1.0,0.955518,0.044482,1,0.955518,0.39759,0.694482,82.0598
cellular-0201,cellular,maps/cellular/cellular-0201.json,2138794958,39,44,0.99705,0.79021,0.20979,3,0.787879,0.820988,0.85979,87.9716
cellular-0202,cellular,maps/cellular/cellular-0202.json,1614919670,31,40,1.0,0.931452,0.068548,1,0.931452,0.471014,0.718548,83.155
cellular-0203,cellular,maps/cellular/cellular-0203.json,1367750612,34,45,0.72216,0.581046,0.418954,4,0.419608,0.922078,0.931046,75.531
cellular-0204,cellular,maps/cellular/cellular-0204.json,294402788,43,46,1.0,0.938322,0.061678,1,0.938322,0.482759,0.711678,83.1694
cellular-0205,cellular,maps/cellular/cellular-0205.json,1383295925,37,36,1.0,0.937688,0.062312,1,0.937688,0.415493,0.712312,82.5063
cellular-0206,cellular,maps/cellular/cellular-0206.json,784402052,37,46,0.993127,0.683901,0.316099,6,0.679201,0.820988,0.966099,88.4012
cellular-0207,cellular,maps/cellular/cellular-0207.json,350533645,48,38,0.737668,0.489035,0.510965,20,0.360746,0.946429,0.839035,68.1755
cellular-0208,cellular,maps/cellular/cellular-0208.json,1523784587,30,30,1.0,0.848889,0.151111,1,0.848889,0.758621,0.801111,87.2695
cellular-0209,cellular,maps/cellular/cellular-0209.json,1662290515,44,39,0.968721,0.63345,0.36655,2,0.613636,0.882716,0.98345,88.9156
cellular-0210,cellular,maps/cellular/cellular-0210.json,613909996,48,43,0.962875,0.613372,0.386628,3,0.590601,0.94382,0.963372,87.8545
cellular-0211,cellular,maps/cellular/cellular-0211.json,1022702768,36,35,0.942572,0.635714,0.364286,3,0.599206,0.876812,0.985714,87.5294
cellular-0212,cellular,maps/cellular/cellular-0212.json,618451890,45,40,0.982648,0.608333,0.391667,7,0.597778,0.819277,0.958333,85.8361
cellular-0213,cellular,maps/cellular/cellular-0213.json,1612420753,46,38,0.991071,0.704805,0.295195,3,0.698513,0.841463,0.945195,89.1988
cellular-0214,cellular,maps/cellular/cellular-0214.json,1412359839,39,33,1.0,0.9223,0.0777,1,0.9223,0.45,0.7277,83.0822
cellular-0215,cellular,maps/cellular/cellular-0215.json,345092861,37,32,1.0,0.912162,0.087838,1,0.912162,0.485075,0.737838,83.585
cellular-0216,cellular,maps/cellular/cellular-0216.json,1459813432,39,38,1.0,0.821862,0.178138,1,0.821862,0.706667,0.828138,87.1554
cellular-0217,cellular,maps/cellular/cellular-0217.json,77976586,45,48,1.0,0.956481,0.043519,1,0.956481,0.406593,0.693519,82.1354
cellular-0218,cellular,maps/cellular/cellular-0218.json,1085040494,47,31,1.0,0.923816,0.076184,1,0.923816,0.447368,0.726184,83.0331
cellular-0219,cellular,maps/cellular/cellular-0219.json,432257410,41,45,1.0,0.923577,0.076423,1,0.923577,0.464286,0.726423,83.2059
cellular-0220,cellular,maps/cellular/cellular-0220.json,907170357,45,39,1.0,0.833618,0.166382,1,0.833618,0.762195,0.816382,87.5343
cellular-0221,cellular,maps/cellular/cellular-0221.json,1581614010,42,43,1.0,0.874308,0.125692,1,0.874308,0.524096,0.775692,84.543
cellular-0222,cellular,maps/cellular/cellular-0222.json,1949564289,31,45,0.991323,0.660932,0.339068,4,0.655197,0.72973,0.989068,88.425
cellular-0223,cellular,maps/cellular/cellular-0223.json,281061797,47,50,1.0,0.970213,0.029787,1,0.970213,0.3,0.679787,80.8635
cellular-0224,cellular,maps/cellular/cellular-0224.json,1637988849,45,32,0.780963,0.605556,0.394444,3,0.472917,0.76,0.955556,77.9317
cellular-0225,cellular,maps/cellular/cellular-0225.json,2146257374,34,47,1.0,0.931164,0.068836,1,0.931164,0.436709,0.718836,82.8163
cellular-0226,cellular,maps/cellular/cellular-0226.json,1366260563,47,49,1.0,0.901433,0.098567,1,0.901433,0.585106,0.748567,84.7462
cellular-0227,cellular,maps/cellular/cellular-0227.json,1646267137,38,38,1.0,0.786011,0.213989,1,0.786011,0.898649,0.863989,89.613
cellular-0228,cellular,maps/cellular/cellular-0228.json,169419375,48,41,0.922498,0.675305,0.324695,4,0.622967,0.781609,0.974695,85.7314
cellular-0229,cellular,maps/cellular/cellular-0229.json,454496125,33,41,1.0,0.915004,0.084996,1,0.915004,0.5,0.734996,83.6916
cellular-0230,cellular,maps/cellular/cellular-0230.json,467379958,38,40,1.0,0.913158,0.086842,1,0.913158,0.519737,0.736842,83.9167
cellular-0231,cellular,maps/cellular/cellular-0231.json,1806401771,38,38,1.0,0.858033,0.141967,1,0.858033,0.743243,0.791967,86.9786
cellular-0232,cellular,maps/cellular/cellular-0232.json,1204147512,45,47,0.998909,0.867139,0.132861,3,0.866194,0.644444,0.782861,85.1357
cellular-0233,cellular,maps/cellular/cellular-0233.json,11258066,36,41,1.0,0.897019,0.102981,1,0.897019,0.473333,0.752981,83.6947
cellular-0234,cellular,maps/cellular/cellular-0234.json,1960017376,46,36,0.991549,0.643116,0.356884,5,0.637681,0.80625,0.993116,88.655
cellular-0235,cellular,maps/cellular/cellular-0235.json,1781791134,41,34,0.96875,0.734577,0.265423,2,0.711621,0.753425,0.915423,87.2023
cellular-0236,cellular,maps/cellular/cellular-0236.json,1592047550,50,42,0.964085,0.67619,0.32381,3,0.651905,0.838889,0.97381,88.4329
cellular-0237,cellular,maps/cellular/cellular-0237.json,1417394575,35,30,1.0,0.875238,0.124762,1,0.875238,0.531746,0.774762,84.6056
cellular-0238,cellular,maps/cellular/cellular-0238.json,1022441486,36,40,1.0,0.857639,0.142361,1,0.857639,0.655405,0.792361,86.1061
cellular-0239,cellular,maps/cellular/cellular-0239.json,1412622403,45,32,1.0,0.883333,0.116667,1,0.883333,0.64,0.766667,85.5667
cellular-0240,cellular,maps/cellular/cellular-0240.json,1512191420,47,45,1.0,0.977778,0.022222,1,0.977778,0.216667,0.672222,79.9167
cellular-0241,cellular,maps/cellular/cellular-0241.json,838468585,50,50,0.999039,0.8328,0.1672,3,0.832,0.69898,0.8172,86.203
cellular-0242,cellular,maps/cellular/cellular-0242.json,1594571675,46,34,1.0,0.904731,0.095269,1,0.904731,0.532051,0.745269,84.1662
cellular-0243,cellular,maps/cellular/cellular-0243.json,959316122,37,35,0.791667,0.518919,0.481081,7,0.410811,0.857143,0.868919,73.6165
cellular-0244,cellular,maps/cellular/cellular-0244.json,2020672492,37,40,1.0,0.912838,0.087162,1,0.912838,0.606667,0.737162,84.7908
cellular-0245,cellular,maps/cellular/cellular-0245.json,800439491,48,38,0.999369,0.868969,0.131031,2,0.868421,0.559524,0.781031,84.6141
cellular-0246,cellular,maps/cellular/cellular-0246.json,1537574875,44,42,0.998079,0.845238,0.154762,2,0.843615,0.708333,0.804762,86.398
cellular-0247,cellular,maps/cellular/cellular-0247.json,2092866904,38,44,0.97901,0.797847,0.202153,3,0.7811,0.70625,0.852153,85.8802
cellular-0248,cellular,maps/cellular/cellular-0248.json,287277713,50,33,1.0,0.973939,0.026061,1,0.973939,0.246914,0.676061,80.2767
cellular-0249,cellular,maps/cellular/cellular-0249.json,143058001,38,36,0.805771,0.658626,0.341374,4,0.530702,0.854167,0.991374,81.6936
cellular-0250,cellular,maps/cellular/cellular-0250.json,372658785,45,32,0.70319,0.500694,0.499306,8,0.352083,0.953333,0.850694,69.7783
cellular-0251,cellular,maps/cellular/cellular-0251.json,910732667,41,34,0.969988,0.597561,0.402439,5,0.579627,0.842466,0.947561,85.6148
cellular-0252,cellular,maps/cellular/cellular-0252.json,946634700,47,37,1.0,0.897067,0.102933,1,0.897067,0.628049,0.752933,85.2411
cellular-0253,cellular,maps/cellular/cellular-0253.json,1741158169,38,32,1.0,0.792763,0.207237,1,0.792763,0.669118,0.857237,87.2164
cellular-0254,cellular,maps/cellular/cellular-0254.json,174578988,44,34,0.880841,0.572193,0.427807,8,0.504011,0.868421,0.922193,79.7997
cellular-0255,cellular,maps/cellular/cellular-0255.json,1763922179,33,33,1.0,0.869605,0.130395,1,0.869605,0.546875,0.780395,84.8413
cellular-0256,cellular,maps/cellular/cellular-0256.json,1741538728,44,43,1.0,0.938689,0.061311,1,0.938689,0.405882,0.711311,82.3952
cellular-0257,cellular,maps/cellular/cellular-0257.json,1177784378,50,42,1.0,0.989048,0.010952,1,0.989048,0.1,0.660952,78.581
cellular-0258,cellular,maps/cellular/cellular-0258.json,1363203071,46,46,0.917665,0.63138,0.36862,6,0.579395,0.916667,0.98138,85.6328
cellular-0259,cellular,maps/cellular/cellular-0259.json,1587192192,40,32,0.484138,0.566406,0.433594,13,0.274219,0.814286,0.916406,60.8923
cellular-0260,cellular,maps/cellular/cellular-0260.json,2146859197,47,48,1.0,0.777039,0.222961,1,0.777039,0.774194,0.872961,88.503
cellular-0261,cellular,maps/cellular/cellular-0261.json,712620397,47,46,1.0,0.965772,0.034228,1,0.965772,0.346154,0.684228,81.3916
cellular-0262,cellular,maps/cellular/cellular-0262.json,1647854744,40,35,1.0,0.916429,0.083571,1,0.916429,0.506849,0.733571,83.7387
cellular-0263,cellular,maps/cellular/cellular-0263.json,698161402,39,48,1.0,0.974893,0.025107,1,0.974893,0.211765,0.675107,79.9109
cellular-0264,cellular,maps/cellular/cellular-0264.json,355725834,43,32,0.977247,0.638808,0.361192,8,0.624273,0.863014,0.988808,87.3746
cellular-0265,cellular,maps/cellular/cellular-0265.json,188082257,38,38,0.929742,0.591413,0.408587,8,0.549861,0.871622,0.941413,82.8885
cellular-0266,cellular,maps/cellular/cellular-0266.json,1275818444,36,46,0.818981,0.687198,0.312802,2,0.562802,0.75,0.962802,81.3569
cellular-0267,cellular,maps/cellular/cellular-0267.json,2011741086,41,36,1.0,0.895664,0.104336,1,0.895664,0.613333,0.754336,85.115
cellular-0268,cellular,maps/cellular/cellular-0268.json,695572164,50,30,0.959607,0.610667,0.389333,7,0.586,0.814103,0.960667,84.9392
cellular-0269,cellular,maps/cellular/cellular-0269.json,1842871676,41,46,1.0,0.931601,0.068399,1,0.931601,0.464706,0.718399,83.0897
cellular-0270,cellular,maps/cellular/cellular-0270.json,601956922,36,40,1.0,0.957639,0.042361,1,0.957639,0.358108,0.692361,81.6332
cellular-0271,cellular,maps/cellular/cellular-0271.json,68066497,34,43,1.0,0.836525,0.163475,1,0.836525,0.826667,0.813475,88.1355
cellular-0272,cellular,maps/cellular/cellular-0272.json,1131262682,40,33,0.999029,0.780303,0.219697,2,0.779545,0.753521,0.869697,87.8697
cellular-0273,cellular,maps/cellular/cellular-0273.json,1694543060,38,41,1.0,0.928755,0.071245,1,0.928755,0.551948,0.721245,84.0048
cellular-0274,cellular,maps/cellular/cellular-0274.json,1863545857,37,44,0.928571,0.576167,0.423833,7,0.535012,0.810127,0.926167,81.7412
cellular-0275,cellular,maps/cellular/cellular-0275.json,1582241306,46,37,1.0,0.912456,0.087544,1,0.912456,0.598765,0.737544,84.7175
cellular-0276,cellular,maps/cellular/cellular-0276.json,1841566754,44,45,1.0,0.844444,0.155556,1,0.844444,0.850575,0.805556,88.2557
cellular-0277,cellular,maps/cellular/cellular-0277.json,1584335830,34,34,1.0,0.888408,0.111592,1,0.888408,0.628788,0.761592,85.3784
cellular-0278,cellular,maps/cellular/cellular-0278.json,99033211,38,30,1.0,0.869298,0.130702,1,0.869298,0.704545,0.780702,86.4226
cellular-0279,cellular,maps/cellular/cellular-0279.json,2054436684,37,50,1.0,0.763784,0.236216,1,0.763784,0.794118,0.886216,88.9011
cellular-0280,cellular,maps/cellular/cellular-0280.json,4497137,41,43,0.99735,0.642087,0.357913,3,0.640386,0.871951,0.992087,90.1708
cellular-0281,cellular,maps/cellular/cellular-0281.json,2056596276,40,40,0.998143,0.673125,0.326875,2,0.671875,0.871795,0.976875,90.6237
cellular-0282,cellular,maps/cellular/cellular-0282.json,13614754,46,49,1.0,0.947205,0.052795,1,0.947205,0.322581,0.702795,81.4344
cellular-0283,cellular,maps/cellular/cellular-0283.json,838726607,34,45,1.0,0.747059,0.252941,1,0.747059,0.837662,0.902941,89.5874
cellular-0284,cellular,maps/cellular/cellular-0284.json,1462168165,50,44,1.0,0.817273,0.182727,1,0.817273,0.76087,0.832727,87.7663
cellular-0285,cellular,maps/cellular/cellular-0285.json,1716938978,49,40,1.0,0.862755,0.137245,1,0.862755,0.793103,0.787245,87.4064
cellular-0286,cellular,maps/cellular/cellular-0286.json,727611173,34,46,1.0,0.922634,0.077366,1,0.922634,0.49359,0.727366,83.5131
cellular-0287,cellular,maps/cellular/cellular-0287.json,2065084255,32,50,1.0,0.9375,0.0625,1,0.9375,0.4375,0.7125,82.7292
cellular-0288,cellular,maps/cellular/cellular-0288.json,345830718,33,43,1.0,0.830867,0.169133,1,0.830867,0.709459,0.819133,87.0483
cellular-0289,cellular,maps/cellular/cellular-0289.json,975112092,35,39,1.0,0.783883,0.216117,1,0.783883,0.798611,0.866117,88.6445
cellular-0290,cellular,maps/cellular/cellular-0290.json,1616529322,37,40,1.0,0.905405,0.094595,1,0.905405,0.453333,0.744595,83.3689
cellular-0291,cellular,maps/cellular/cellular-0291.json,436839054,32,30,1.0,0.698958,0.301042,1,0.698958,0.891667,0.951042,90.849
cellular-0292,cellular,maps/cellular/cellular-0292.json,390262301,33,50,0.935175,0.570303,0.429697,10,0.533333,0.851852,0.920303,81.1177
cellular-0293,cellular,maps/cellular/cellular-0293.json,1988218027,34,45,0.556509,0.456863,0.543137,8,0.254248,0.87013,0.806863,61.0551
cellular-0294,cellular,maps/cellular/cellular-0294.json,820171632,45,31,1.0,0.903943,0.096057,1,0.903943,0.493243,0.746057,83.79
cellular-0295,cellular,maps/cellular/cellular-0295.json,329920218,34,50,0.99458,0.868235,0.131765,4,0.863529,0.615854,0.781765,84.295
cellular-0296,cellular,maps/cellular/cellular-0296.json,1595380047,30,32,0.942164,0.558333,0.441667,3,0.526042,0.916667,0.908333,83.7441
cellular-0297,cellular,maps/cellular/cellular-0297.json,1410947301,50,36,0.998629,0.810556,0.189444,3,0.809444,0.72619,0.839444,86.7902
cellular-0298,cellular,maps/cellular/cellular-0298.json,102194106,32,38,1.0,0.830592,0.169408,1,0.830592,0.632353,0.819408,86.2813
cellular-0299,cellular,maps/cellular/cellular-0299.json,807050904,30,38,0.947115,0.547368,0.452632,3,0.518421,0.886364,0.897368,83.0534
cellular-0300,cellular,maps/cellular/cellular-0300.json,68049956,46,47,0.977192,0.648936,0.351064,4,0.634135,0.879121,0.998936,89.4191
cellular-0301,cellular,maps/cellular/cellular-0301.json,1706501997,48,31,0.978881,0.636425,0.363575,3,0.622984,0.727273,0.986425,87.6237
cellular-0302,cellular,maps/cellular/cellular-0302.json,485108127,46,33,0.9992,0.823452,0.176548,2,0.822793,0.655844,0.826548,86.2528
cellular-0303,cellular,maps/cellular/cellular-0303.json,1880500669,31,42,1.0,0.965438,0.034562,1,0.965438,0.274648,0.684562,80.6816
cellular-0304,cellular,maps/cellular/cellular-0304.json,1314551795,50,38,0.997464,0.83,0.17,2,0.827895,0.686047,0.82,86.3756
cellular-0305,cellular,maps/cellular/cellular-0305.json,1969133847,30,48,0.422283,0.504861,0.495139,12,0.213194,0.868421,0.854861,56.5367
cellular-0306,cellular,maps/cellular/cellular-0306.json,1069096528,32,46,1.0,0.782609,0.217391,1,0.782609,0.796053,0.867391,88.6381
cellular-0307,cellular,maps/cellular/cellular-0307.json,1432428557,35,38,1.0,0.924812,0.075188,1,0.924812,0.549296,0.725188,84.0374
cellular-0308,cellular,maps/cellular/cellular-0308.json,1515691426,33,45,0.998983,0.661953,0.338047,2,0.661279,0.802632,0.988047,90.1364
cellular-0309,cellular,maps/cellular/cellular-0309.json,632259184,32,34,0.988871,0.578125,0.421875,2,0.571691,0.976562,0.928125,87.6833
cellular-0310,cellular,maps/cellular/cellular-0310.json,1216214540,37,44,0.897,0.614251,0.385749,2,0.550983,0.936709,0.964251,85.3788
cellular-0311,cellular,maps/cellular/cellular-0311.json,259376323,43,43,1.0,0.750676,0.249324,1,0.750676,0.720238,0.899324,88.3589
cellular-0312,cellular,maps/cellular/cellular-0312.json,1517267876,46,50,1.0,0.973043,0.026957,1,0.973043,0.287234,0.676957,80.6934
cellular-0313,cellular,maps/cellular/cellular-0313.json,711760619,31,36,1.0,0.927419,0.072581,1,0.927419,0.446154,0.722581,82.9669
cellular-0314,cellular,maps/cellular/cellular-0314.json,1483922196,33,37,1.0,0.618346,0.381654,1,0.618346,0.875,0.968346,89.6757
cellular-0315,cellular,maps/cellular/cellular-0315.json,1042022062,31,49,0.925069,0.711652,0.288348,2,0.658328,0.871795,0.938348,86.8121
cellular-0316,cellular,maps/cellular/cellular-0316.json,2085037131,35,47,0.993676,0.768997,0.231003,2,0.764134,0.85625,0.881003,88.8239
cellular-0317,cellular,maps/cellular/cellular-0317.json,584351591,34,37,1.0,0.836248,0.163752,1,0.836248,0.702899,0.813752,86.9019
cellular-0318,cellular,maps/cellular/cellular-0318.json,1473328499,30,39,1.0,0.939316,0.060684,1,0.939316,0.410448,0.710684,82.4314
cellular-0319,cellular,maps/cellular/cellular-0319.json,1713605070,33,46,0.998481,0.867589,0.132411,2,0.866271,0.642857,0.782411,85.4262
cellular-0320,cellular,maps/cellular/cellular-0320.json,989686928,34,40,1.0,0.965441,0.034559,1,0.965441,0.291667,0.684559,80.8517
cellular-0321,cellular,maps/cellular/cellular-0321.json,963632944,47,37,0.916737,0.676826,0.323174,3,0.620472,0.768293,0.973174,85.6556
cellular-0322,cellular,maps/cellular/cellular-0322.json,1040225029,46,30,1.0,0.876087,0.123913,1,0.876087,0.709459,0.773913,86.37
cellular-0323,cellular,maps/cellular/cellular-0323.json,1797479609,37,45,1.0,0.951351,0.048649,1,0.951351,0.475,0.698649,82.8964
cellular-0324,cellular,maps/cellular/cellular-0324.json,796083028,41,40,1.0,0.948171,0.051829,1,0.948171,0.398734,0.701829,82.1814
cellular-0325,cellular,maps/cellular/cellular-0325.json,1806310968,47,45,1.0,0.959338,0.040662,1,0.959338,0.361111,0.690662,81.6377
cellular-0326,cellular,maps/cellular/cellular-0326.json,110457440,43,33,1.0,0.952079,0.047921,1,0.952079,0.351351,0.697921,81.649
cellular-0327,cellular,maps/cellular/cellular-0327.json,1735916900,50,42,1.0,0.944762,0.055238,1,0.944762,0.533333,0.705238,83.5786
cellular-0328,cellular,maps/cellular/cellular-0328.json,583255783,41,50,0.998548,0.671707,0.328293,2,0.670732,0.859551,0.978293,90.5401
cellular-0329,cellular,maps/cellular/cellular-0329.json,528366581,34,37,1.0,0.877583,0.122417,1,0.877583,0.688406,0.772417,86.137
cellular-0330,cellular,maps/cellular/cellular-0330.json,1707400049,33,42,1.0,0.756133,0.243867,1,0.756133,0.767123,0.893867,88.7459
cellular-0331,cellular,maps/cellular/cellular-0331.json,1506272318,50,48,1.0,0.962917,0.037083,1,0.962917,0.354167,0.687083,81.5146
cellular-0332,cellular,maps/cellular/cellular-0332.json,196455422,31,50,0.967983,0.604516,0.395484,7,0.585161,0.829114,0.954516,85.1086
cellular-0333,cellular,maps/cellular/cellular-0333.json,423787478,47,34,0.878525,0.576971,0.423029,5,0.506884,0.911392,0.926971,81.3847
cellular-0334,cellular,maps/cellular/cellular-0334.json,2070477745,38,43,1.0,0.873317,0.126683,1,0.873317,0.594937,0.776683,85.2663
cellular-0335,cellular,maps/cellular/cellular-0335.json,1384345430,49,45,0.982777,0.84263,0.15737,2,0.828118,0.663043,0.80737,85.2674
cellular-0336,cellular,maps/cellular/cellular-0336.json,1687535816,42,49,1.0,0.967444,0.032556,1,0.967444,0.292135,0.682556,80.8264
cellular-0337,cellular,maps/cellular/cellular-0337.json,260081378,49,38,1.0,0.877014,0.122986,1,0.877014,0.635294,0.772986,85.6144
cellular-0338,cellular,maps/cellular/cellular-0338.json,2125040086,47,48,1.0,0.783245,0.216755,1,0.783245,0.790323,0.866755,88.5712
cellular-0339,cellular,maps/cellular/cellular-0339.json,1648231459,49,37,1.0,0.776613,0.223387,1,0.776613,0.821429,0.873387,88.9818
cellular-0340,cellular,maps/cellular/cellular-0340.json,1636619750,45,39,1.0,0.862678,0.137322,1,0.862678,0.713415,0.787322,86.6106
cellular-0341,cellular,maps/cellular/cellular-0341.json,1059902516,45,48,0.964554,0.679167,0.320833,3,0.655093,0.824176,0.970833,88.2594
cellular-0342,cellular,maps/cellular/cellular-0342.json,1674415960,37,46,0.816282,0.534078,0.465922,12,0.435958,0.907407,0.884078,74.2244
cellular-0343,cellular,maps/cellular/cellular-0343.json,501765441,40,31,0.678973,0.502419,0.497581,7,0.341129,0.869565,0.852419,68.3888
cellular-0344,cellular,maps/cellular/cellular-0344.json,839346290,40,44,1.0,0.959659,0.040341,1,0.959659,0.353659,0.690341,81.5584
cellular-0345,cellular,maps/cellular/cellular-0345.json,952834118,49,34,0.960746,0.611645,0.388355,3,0.587635,0.895062,0.961645,87.1833
cellular-0346,cellular,maps/cellular/cellular-0346.json,41010127,33,46,1.0,0.888669,0.111331,1,0.888669,0.584416,0.761331,84.9308
cellular-0347,cellular,maps/cellular/cellular-0347.json,1160675425,38,33,1.0,0.901116,0.098884,1,0.901116,0.601449,0.748884,84.9144
cellular-0348,cellular,maps/cellular/cellular-0348.json,1365862074,37,34,1.0,0.853736,0.146264,1,0.853736,0.811594,0.796264,87.7266
cellular-0349,cellular,maps/cellular/cellular-0349.json,611924617,43,33,1.0,0.902044,0.097956,1,0.902044,0.621622,0.747956,85.1022
cellular-0350,cellular,maps/cellular/cellular-0350.json,1547240144,32,37,1.0,0.914696,0.085304,1,0.914696,0.455224,0.735304,83.2485
cellular-0351,cellular,maps/cellular/cellular-0351.json,1562741741,39,41,1.0,0.963102,0.036898,1,0.963102,0.358974,0.686898,81.5599
cellular-0352,cellular,maps/cellular/cellular-0352.json,811497819,48,34,1.0,0.76348,0.23652,1,0.76348,0.7,0.88652,87.9645
cellular-0353,cellular,maps/cellular/cellular-0353.json,14158750,38,35,0.999128,0.862406,0.137594,2,0.861654,0.626761,0.787594,85.3737
cellular-0354,cellular,maps/cellular/cellular-0354.json,481255451,37,39,1.0,0.790021,0.209979,1,0.790021,0.736486,0.859979,87.9312
cellular-0355,cellular,maps/cellular/cellular-0355.json,1086976842,32,34,1.0,0.808824,0.191176,1,0.808824,0.578125,0.841176,86.0656
cellular-0356,cellular,maps/cellular/cellular-0356.json,190740517,33,44,1.0,0.943526,0.056474,1,0.943526,0.493333,0.706474,83.1971
cellular-0357,cellular,maps/cellular/cellular-0357.json,384343835,30,36,0.438163,0.524074,0.475926,4,0.22963,0.882812,0.874074,60.8249
cellular-0358,cellular,maps/cellular/cellular-0358.json,1007763921,40,50,0.985895,0.6735,0.3265,11,0.664,0.818182,0.9765,86.5495
cellular-0359,cellular,maps/cellular/cellular-0359.json,1714367270,34,45,1.0,0.872549,0.127451,1,0.872549,0.655844,0.777451,85.8869
cellular-0360,cellular,maps/cellular/cellular-0360.json,566420534,37,38,1.0,0.90256,0.09744,1,0.90256,0.452055,0.74744,83.3988
cellular-0361,cellular,maps/cellular/cellular-0361.json,1832455912,47,34,1.0,0.683354,0.316646,1,0.683354,0.810127,0.966646,90.2676
cellular-0362,cellular,maps/cellular/cellular-0362.json,38362531,50,30,0.957014,0.589333,0.410667,2,0.564,0.955128,0.939333,86.7517
cellular-0363,cellular,maps/cellular/cellular-0363.json,1040587986,47,48,1.0,0.930851,0.069149,1,0.930851,0.586022,0.719149,84.3141
cellular-0364,cellular,maps/cellular/cellular-0364.json,1815414602,44,46,1.0,0.912055,0.087945,1,0.912055,0.528409,0.737945,84.0199
cellular-0365,cellular,maps/cellular/cellular-0365.json,199937608,36,31,1.0,0.730287,0.269713,1,0.730287,0.9,0.919713,90.4624
cellular-0366,cellular,maps/cellular/cellular-0366.json,1893067980,35,40,1.0,0.893571,0.106429,1,0.893571,0.589041,0.756429,84.9035
cellular-0367,cellular,maps/cellular/cellular-0367.json,1221376371,32,40,0.988439,0.675781,0.324219,3,0.667969,0.878571,0.974219,89.8959
cellular-0368,cellular,maps/cellular/cellular-0368.json,934126095,46,35,0.946034,0.759627,0.240373,6,0.718634,0.734177,0.890373,84.2585
cellular-0369,cellular,maps/cellular/cellular-0369.json,864647172,31,33,1.0,0.690127,0.309873,1,0.690127,0.782258,0.959873,89.8873
cellular-0370,cellular,maps/cellular/cellular-0370.json,1240773566,48,46,1.0,0.938406,0.061594,1,0.938406,0.445652,0.711594,82.7971
cellular-0371,cellular,maps/cellular/cellular-0371.json,1233064701,45,39,1.0,0.867236,0.132764,1,0.867236,0.676829,0.782764,86.1764
cellular-0372,cellular,maps/cellular/cellular-0372.json,2084034621,43,39,1.0,0.934407,0.065593,1,0.934407,0.54375,0.715593,83.8381
cellular-0373,cellular,maps/cellular/cellular-0373.json,974274316,37,35,0.988473,0.803861,0.196139,2,0.794595,0.721429,0.846139,86.7086
cellular-0374,cellular,maps/cellular/cellular-0374.json,257603040,40,48,1.0,0.955208,0.044792,1,0.955208,0.366279,0.694792,81.7513
cellular-0375,cellular,maps/cellular/cellular-0375.json,677103096,46,41,1.0,0.788441,0.211559,1,0.788441,0.829412,0.861559,88.8842
cellular-0376,cellular,maps/cellular/cellular-0376.json,615342892,33,31,1.0,0.956012,0.043988,1,0.956012,0.290323,0.693988,80.9797
cellular-0377,cellular,maps/cellular/cellular-0377.json,2095899333,46,43,0.98355,0.737614,0.262386,2,0.72548,0.724138,0.912386,87.5243
cellular-0378,cellular,maps/cellular/cellular-0378.json,763791667,36,50,1.0,0.955556,0.044444,1,0.955556,0.35119,0.694444,81.5952
cellular-0379,cellular,maps/cellular/cellular-0379.json,869201202,41,33,1.0,0.837398,0.162602,1,0.837398,0.756944,0.812602,87.4251
cellular-0380,cellular,maps/cellular/cellular-0380.json,1545246355,32,41,1.0,0.872713,0.127287,1,0.872713,0.725352,0.777287,86.5795
cellular-0381,cellular,maps/cellular/cellular-0381.json,1095687117,39,48,0.970912,0.679487,0.320513,5,0.659722,0.870588,0.970513,88.329
cellular-0382,cellular,maps/cellular/cellular-0382.json,1389002140,37,49,1.0,0.944291,0.055709,1,0.944291,0.5,0.705709,83.2523
cellular-0383,cellular,maps/cellular/cellular-0383.json,323135431,35,37,1.0,0.796911,0.203089,1,0.796911,0.664286,0.853089,87.1059
cellular-0384,cellular,maps/cellular/cellular-0384.json,153971749,36,44,1.0,0.886995,0.113005,1,0.886995,0.602564,0.763005,85.1374
cellular-0385,cellular,maps/cellular/cellular-0385.json,1412285156,30,39,1.0,0.700855,0.299145,1,0.700855,0.895522,0.949145,90.8591
cellular-0386,cellular,maps/cellular/cellular-0386.json,1179570029,38,37,1.0,0.90256,0.09744,1,0.90256,0.506849,0.74744,83.9468
cellular-0387,cellular,maps/cellular/cellular-0387.json,580597208,39,35,1.0,0.945055,0.054945,1,0.945055,0.402778,0.704945,82.2686
cellular-0388,cellular,maps/cellular/cellular-0388.json,9292417,40,30,0.96124,0.5375,0.4625,11,0.516667,0.897059,0.8875,80.537
cellular-0389,cellular,maps/cellular/cellular-0389.json,881342190,33,47,1.0,0.907157,0.092843,1,0.907157,0.474359,0.742843,83.5529
cellular-0390,cellular,maps/cellular/cellular-0390.json,96645493,37,45,0.949055,0.730931,0.269069,2,0.693694,0.65,0.919069,85.3463
cellular-0391,cellular,maps/cellular/cellular-0391.json,1078697067,50,33,0.57715,0.514545,0.485455,9,0.29697,0.932099,0.864545,64.834
cellular-0392,cellular,maps/cellular/cellular-0392.json,428759307,37,33,0.987356,0.712531,0.287469,3,0.703522,0.801471,0.937469,88.5173
cellular-0393,cellular,maps/cellular/cellular-0393.json,418401362,38,33,1.0,0.906699,0.093301,1,0.906699,0.630435,0.743301,85.1205
cellular-0394,cellular,maps/cellular/cellular-0394.json,1583907817,41,44,1.0,0.926829,0.073171,1,0.926829,0.512048,0.723171,83.6347
cellular-0395,cellular,maps/cellular/cellular-0395.json,1394089416,37,32,0.916442,0.626689,0.373311,5,0.574324,0.761194,0.976689,84.1091
cellular-0396,cellular,maps/cellular/cellular-0396.json,625087114,40,46,1.0,0.969565,0.030435,1,0.969565,0.267857,0.680435,80.5518
cellular-0397,cellular,maps/cellular/cellular-0397.json,319580678,30,50,1.0,0.974667,0.025333,1,0.974667,0.237179,0.675333,80.1685
cellular-0398,cellular,maps/cellular/cellular-0398.json,985913788,39,48,1.0,0.663996,0.336004,1,0.663996,0.864706,0.986004,91.1038
cellular-0399,cellular,maps/cellular/cellular-0399.json,535571663,39,41,1.0,0.906191,0.093809,1,0.906191,0.564103,0.743809,84.4648
cellular-0400,cellular,maps/cellular/cellular-0400.json,907253933,35,50,1.0,0.875429,0.124571,1,0.875429,0.674699,0.774571,86.0322
cellular-0401,cellular,maps/cellular/cellular-0401.json,432174448,32,31,0.95,0.766129,0.233871,2,0.727823,0.729508,0.883871,85.6204
cellular-0402,cellular,maps/cellular/cellular-0402.json,334168271,34,48,1.0,0.798407,0.201593,1,0.798407,0.64375,0.851593,86.8781
cellular-0403,cellular,maps/cellular/cellular-0403.json,736488879,44,38,1.0,0.82177,0.17823,1,0.82177,0.78125,0.82823,87.9026
cellular-0404,cellular,maps/cellular/cellular-0404.json,157351077,45,37,0.869905,0.692492,0.307508,2,0.602402,0.86875,0.957508,84.6788
cellular-0405,cellular,maps/cellular/cellular-0405.json,1400009611,34,36,1.0,0.878268,0.121732,1,0.878268,0.683824,0.771732,86.0809
cellular-0406,cellular,maps/cellular/cellular-0406.json,1779907092,46,38,1.0,0.893593,0.106407,1,0.893593,0.5,0.756407,84.0128
cellular-0407,cellular,maps/cellular/cellular-0407.json,2056549302,40,45,0.999206,0.699444,0.300556,2,0.698889,0.891566,0.950556,90.4724
cellular-0408,cellular,maps/cellular/cellular-0408.json,272501064,30,50,1.0,0.919333,0.080667,1,0.919333,0.557692,0.730667,84.2036
cellular-0409,cellular,maps/cellular/cellular-0409.json,672457001,44,50,0.91046,0.573636,0.426364,6,0.522273,0.86413,0.923636,81.7278
cellular-0410,cellular,maps/cellular/cellular-0410.json,1493490947,35,46,0.977415,0.495031,0.504969,3,0.483851,0.905063,0.845031,81.6262
cellular-0411,cellular,maps/cellular/cellular-0411.json,294671963,33,32,1.0,0.917614,0.082386,1,0.917614,0.603175,0.732386,84.6842
cellular-0412,cellular,maps/cellular/cellular-0412.json,1433845637,45,47,1.0,0.711111,0.288889,1,0.711111,0.866667,0.938889,90.4167
cellular-0413,cellular,maps/cellular/cellular-0413.json,507281610,45,45,1.0,0.880494,0.119506,1,0.880494,0.607955,0.769506,85.2888
cellular-0414,cellular,maps/cellular/cellular-0414.json,1315192257,36,41,1.0,0.805556,0.194444,1,0.805556,0.82,0.844444,88.5333
cellular-0415,cellular,maps/cellular/cellular-0415.json,1108497629,36,30,0.998782,0.760185,0.239815,2,0.759259,0.765625,0.889815,88.2817
cellular-0416,cellular,maps/cellular/cellular-0416.json,774142876,34,48,1.0,0.97549,0.02451,1,0.97549,0.21875,0.67451,79.9718
cellular-0417,cellular,maps/cellular/cellular-0417.json,980034438,36,43,1.0,0.919897,0.080103,1,0.919897,0.564935,0.730103,84.2676
cellular-0418,cellular,maps/cellular/cellular-0418.json,290572370,37,40,0.968858,0.585811,0.414189,3,0.567568,0.906667,0.935811,86.2371
cellular-0419,cellular,maps/cellular/cellular-0419.json,1393075455,30,38,1.0,0.892982,0.107018,1,0.892982,0.606061,0.757018,85.0825
cellular-0420,cellular,maps/cellular/cellular-0420.json,1438566760,39,41,1.0,0.754847,0.245153,1,0.754847,0.852564,0.895153,89.6196
cellular-0421,cellular,maps/cellular/cellular-0421.json,355215952,48,49,0.998325,0.76148,0.23852,2,0.760204,0.8,0.88852,88.5854
cellular-0422,cellular,maps/cellular/cellular-0422.json,903749049,43,36,0.986275,0.658915,0.341085,5,0.649871,0.88961,0.991085,89.5031
cellular-0423,cellular,maps/cellular/cellular-0423.json,2098580941,35,40,1.0,0.780714,0.219286,1,0.780714,0.821918,0.869286,88.9251
cellular-0424,cellular,maps/cellular/cellular-0424.json,929306776,40,42,1.0,0.756548,0.243452,1,0.756548,0.75625,0.893452,88.631
cellular-0425,cellular,maps/cellular/cellular-0425.json,1818268448,48,40,1.0,0.936979,0.063021,1,0.936979,0.418605,0.713021,82.548
cellular-0426,cellular,maps/cellular/cellular-0426.json,545548834,43,43,1.0,0.96755,0.03245,1,0.96755,0.297619,0.68245,80.8796
cellular-0427,cellular,maps/cellular/cellular-0427.json,1432332690,46,44,0.847069,0.581522,0.418478,10,0.492589,0.846591,0.931522,77.9997
cellular-0428,cellular,maps/cellular/cellular-0428.json,1865176621,47,49,0.991269,0.745983,0.254017,2,0.73947,0.867021,0.904017,89.1716
cellular-0429,cellular,maps/cellular/cellular-0429.json,1966570057,39,40,1.0,0.867308,0.132692,1,0.867308,0.642857,0.782692,85.8356
cellular-0430,cellular,maps/cellular/cellular-0430.json,1605770659,32,49,1.0,0.982143,0.017857,1,0.982143,0.164557,0.667857,79.3301
cellular-0431,cellular,maps/cellular/cellular-0431.json,620783236,40,44,1.0,0.858523,0.141477,1,0.858523,0.713415,0.791477,86.673
cellular-0432,cellular,maps/cellular/cellular-0432.json,347382310,35,39,0.968112,0.574359,0.425641,2,0.556044,0.944444,0.924359,86.2946
cellular-0433,cellular,maps/cellular/cellular-0433.json,618593966,46,30,1.0,0.945652,0.054348,1,0.945652,0.351351,0.704348,81.7454
cellular-0434,cellular,maps/cellular/cellular-0434.json,750013004,33,45,1.0,0.921212,0.078788,1,0.921212,0.546053,0.728788,84.059
cellular-0435,cellular,maps/cellular/cellular-0435.json,1679007186,41,45,0.966698,0.585908,0.414092,5,0.566396,0.839286,0.935908,84.8118
cellular-0436,cellular,maps/cellular/cellular-0436.json,776209558,40,39,0.999064,0.684615,0.315385,2,0.683974,0.811688,0.965385,89.8901
cellular-0437,cellular,maps/cellular/cellular-0437.json,1384898234,34,38,1.0,0.913313,0.086687,1,0.913313,0.592857,0.736687,84.6455
cellular-0438,cellular,maps/cellular/cellular-0438.json,319485109,37,33,1.0,0.906634,0.093366,1,0.906634,0.573529,0.743366,84.5525
cellular-0439,cellular,maps/cellular/cellular-0439.json,958606911,37,41,1.0,0.924192,0.075808,1,0.924192,0.578947,0.725808,84.3433
cellular-0440,cellular,maps/cellular/cellular-0440.json,1210100382,45,34,1.0,0.95817,0.04183,1,0.95817,0.298701,0.69183,81.0311
cellular-0441,cellular,maps/cellular/cellular-0441.json,1517278809,38,39,1.0,0.861673,0.138327,1,0.861673,0.726667,0.788327,86.7582
cellular-0442,cellular,maps/cellular/cellular-0442.json,713885892,47,46,1.0,0.970398,0.029602,1,0.970398,0.252747,0.679602,80.3882
cellular-0443,cellular,maps/cellular/cellular-0443.json,1006235701,40,30,1.0,0.939167,0.060833,1,0.939167,0.279412,0.710833,81.1233
cellular-0444,cellular,maps/cellular/cellular-0444.json,53338779,46,49,1.0,0.901952,0.098048,1,0.901952,0.580645,0.748048,84.6938
cellular-0445,cellular,maps/cellular/cellular-0445.json,343041879,48,33,1.0,0.807449,0.192551,1,0.807449,0.797468,0.842551,88.2796
cellular-0446,cellular,maps/cellular/cellular-0446.json,1558910829,31,47,1.0,0.896362,0.103638,1,0.896362,0.618421,0.753638,85.1554
cellular-0447,cellular,maps/cellular/cellular-0447.json,1559746533,35,49,0.999325,0.86414,0.13586,2,0.863557,0.646341,0.78586,85.5527
cellular-0448,cellular,maps/cellular/cellular-0448.json,1693749875,49,45,0.971127,0.643991,0.356009,3,0.625397,0.826087,0.993991,88.6923
cellular-0449,cellular,maps/cellular/cellular-0449.json,1884913257,50,37,1.0,0.69027,0.30973,1,0.69027,0.9,0.95973,91.0626
cellular-0450,cellular,maps/cellular/cellular-0450.json,1390155397,30,33,1.0,0.90303,0.09697,1,0.90303,0.557377,0.74697,84.445
cellular-0451,cellular,maps/cellular/cellular-0451.json,1916519222,37,31,1.0,0.836966,0.163034,1,0.836966,0.674242,0.813034,86.6046
cellular-0452,cellular,maps/cellular/cellular-0452.json,1509721884,41,37,1.0,0.953856,0.046144,1,0.953856,0.394737,0.696144,82.0562
cellular-0453,cellular,maps/cellular/cellular-0453.json,1537218199,48,43,1.0,0.743217,0.256783,1,0.743217,0.91573,0.906783,90.4257
cellular-0454,cellular,maps/cellular/cellular-0454.json,1132334250,33,43,1.0,0.830867,0.169133,1,0.830867,0.763514,0.819133,87.5888
cellular-0455,cellular,maps/cellular/cellular-0455.json,1143718309,37,44,1.0,0.794226,0.205774,1,0.794226,0.778481,0.855774,88.2881
cellular-0456,cellular,maps/cellular/cellular-0456.json,1623603791,39,50,1.0,0.92,0.08,1,0.92,0.54023,0.73,84.019
cellular-0457,cellular,maps/cellular/cellular-0457.json,2049868760,49,45,1.0,0.753741,0.246259,1,0.753741,0.788043,0.896259,88.991
cellular-0458,cellular,maps/cellular/cellular-0458.json,38166428,42,35,1.0,0.921769,0.078231,1,0.921769,0.48,0.728231,83.3901
cellular-0459,cellular,maps/cellular/cellular-0459.json,1805817002,49,34,1.0,0.943577,0.056423,1,0.943577,0.45679,0.706423,82.8309
cellular-0460,cellular,maps/cellular/cellular-0460.json,760222382,39,48,1.0,0.872329,0.127671,1,0.872329,0.741176,0.777671,86.7435
cellular-0461,cellular,maps/cellular/cellular-0461.json,709598191,43,33,1.0,0.915433,0.084567,1,0.915433,0.614865,0.734567,84.8338
cellular-0462,cellular,maps/cellular/cellular-0462.json,1157724788,32,31,0.980922,0.634073,0.365927,3,0.621976,0.729508,0.984073,87.6048
cellular-0463,cellular,maps/cellular/cellular-0463.json,1091499605,40,32,1.0,0.927344,0.072656,1,0.927344,0.528571,0.722656,83.7922
cellular-0464,cellular,maps/cellular/cellular-0464.json,908061660,43,47,1.0,0.666007,0.333993,1,0.666007,0.823864,0.983993,90.6652
cellular-0465,cellular,maps/cellular/cellular-0465.json,235539907,46,37,1.0,0.943008,0.056992,1,0.943008,0.469136,0.706992,82.9629
cellular-0466,cellular,maps/cellular/cellular-0466.json,1289626386,43,32,1.0,0.840843,0.159157,1,0.840843,0.657534,0.809157,86.3794
cellular-0467,cellular,maps/cellular/cellular-0467.json,965379964,30,36,0.941653,0.571296,0.428704,3,0.537963,0.890625,0.921296,84.1605
cellular-0468,cellular,maps/cellular/cellular-0468.json,1797919214,30,45,1.0,0.955556,0.044444,1,0.955556,0.321918,0.694444,81.3025
cellular-0469,cellular,maps/cellular/cellular-0469.json,748465595,33,32,1.0,0.765152,0.234848,1,0.765152,0.785714,0.884848,88.7965
cellular-0470,cellular,maps/cellular/cellular-0470.json,1884973166,33,35,0.996644,0.774026,0.225974,2,0.771429,0.75,0.875974,87.8203
cellular-0471,cellular,maps/cellular/cellular-0471.json,594034604,34,38,0.993528,0.717492,0.282508,3,0.712848,0.885714,0.932508,89.5577
cellular-0472,cellular,maps/cellular/cellular-0472.json,703801405,43,39,0.815418,0.549195,0.450805,5,0.447823,0.81875,0.899195,76.4117
cellular-0473,cellular,maps/cellular/cellular-0473.json,118118780,47,30,0.967298,0.824113,0.175887,2,0.797163,0.706667,0.825887,85.2682
cellular-0474,cellular,maps/cellular/cellular-0474.json,694474496,40,40,0.955292,0.685,0.315,3,0.654375,0.833333,0.965,87.8546
cellular-0475,cellular,maps/cellular/cellular-0475.json,1457911962,34,48,1.0,0.938113,0.061887,1,0.938113,0.44375,0.711887,82.7825
cellular-0476,cellular,maps/cellular/cellular-0476.json,2011604872,44,34,0.878132,0.586898,0.413102,5,0.515374,0.953947,0.936898,82.3157
cellular-0477,cellular,maps/cellular/cellular-0477.json,2009613607,35,40,0.999091,0.785714,0.214286,2,0.785,0.726027,0.864286,87.5163
cellular-0478,cellular,maps/cellular/cellular-0478.json,1879882705,48,31,1.0,0.761425,0.238575,1,0.761425,0.766234,0.888575,88.6576
cellular-0479,cellular,maps/cellular/cellular-0479.json,258981033,42,44,1.0,0.869048,0.130952,1,0.869048,0.708333,0.780952,86.4643
cellular-0480,cellular,maps/cellular/cellular-0480.json,2079413844,45,46,1.0,0.968599,0.031401,1,0.968599,0.325843,0.681401,81.1461
cellular-0481,cellular,maps/cellular/cellular-0481.json,363056000,30,43,0.98397,0.628682,0.371318,3,0.618605,0.922535,0.978682,89.3704
cellular-0482,cellular,maps/cellular/cellular-0482.json,864466713,46,31,1.0,0.978962,0.021038,1,0.978962,0.193333,0.671038,79.6656
cellular-0483,cellular,maps/cellular/cellular-0483.json,686052644,45,30,0.962555,0.672593,0.327407,3,0.647407,0.821918,0.977407,88.2532
cellular-0484,cellular,maps/cellular/cellular-0484.json,194191444,30,45,1.0,0.911111,0.088889,1,0.911111,0.527397,0.738889,84.024
cellular-0485,cellular,maps/cellular/cellular-0485.json,701974492,44,36,1.0,0.876894,0.123106,1,0.876894,0.596154,0.773106,85.2248
cellular-0486,cellular,maps/cellular/cellular-0486.json,480997902,48,44,0.99935,0.72822,0.27178,2,0.727746,0.85,0.92178,89.6311
cellular-0487,cellular,maps/cellular/cellular-0487.json,661274380,40,38,1.0,0.875658,0.124342,1,0.875658,0.703947,0.774342,86.3213
cellular-0488,cellular,maps/cellular/cellular-0488.json,1072534731,50,47,0.98419,0.645957,0.354043,3,0.635745,0.947368,0.995957,90.5728
cellular-0489,cellular,maps/cellular/cellular-0489.json,1915093252,33,40,1.0,0.909848,0.090152,1,0.909848,0.528169,0.740152,84.0506
cellular-0490,cellular,maps/cellular/cellular-0490.json,1534583244,37,49,1.0,0.942637,0.057363,1,0.942637,0.422619,0.707363,82.5033
cellular-0491,cellular,maps/cellular/cellular-0491.json,318568124,40,40,1.0,0.9425,0.0575,1,0.9425,0.461538,0.7075,82.8946
cellular-0492,cellular,maps/cellular/cellular-0492.json,2039072000,49,50,0.995937,0.703265,0.296735,5,0.700408,0.78866,0.946735,88.2419
cellular-0493,cellular,maps/cellular/cellular-0493.json,1908690815,32,39,1.0,0.674679,0.325321,1,0.674679,0.84058,0.975321,90.7023
cellular-0494,cellular,maps/cellular/cellular-0494.json,219714305,48,42,1.0,0.945437,0.054563,1,0.945437,0.471591,0.704563,82.951
cellular-0495,cellular,maps/cellular/cellular-0495.json,1471628838,46,37,1.0,0.708578,0.291422,1,0.708578,0.814815,0.941422,89.9361
cellular-0496,cellular,maps/cellular/cellular-0496.json,259607873,43,31,1.0,0.882221,0.117779,1,0.882221,0.618056,0.767779,85.3639
cellular-0497,cellular,maps/cellular/cellular-0497.json,674349475,42,46,1.0,0.880435,0.119565,1,0.880435,0.55814,0.769565,84.7915
cellular-0498,cellular,maps/cellular/cellular-0498.json,1075744991,36,46,1.0,0.968599,0.031401,1,0.968599,0.29375,0.681401,80.8252
cellular-0499,cellular,maps/cellular/cellular-0499.json,1450604551,49,32,1.0,0.855867,0.144133,1,0.855867,0.658228,0.794133,86.1609
cellular-0500,cellular,maps/cellular/cellular-0500.json,1350855385,32,31,0.971976,0.683468,0.316532,2,0.664315,0.877049,0.966532,89.378
perlin-0001,perlin,maps/perlin/perlin-0001.json,1990438362,40,31,0.997814,0.737903,0.262097,2,0.73629,0.405797,0.912097,84.9749
perlin-0002,perlin,maps/perlin/perlin-0002.json,1537689910,33,46,0.983885,0.77668,0.22332,2,0.764163,0.168831,0.87332,81.3877
perlin-0003,perlin,maps/perlin/perlin-0003.json,958989361,38,34,0.509383,0.2887,0.7113,6,0.147059,0.564286,0.6387,49.22
perlin-0004,perlin,maps/perlin/perlin-0004.json,1667916896,48,45,0.491489,0.217593,0.782407,5,0.106944,0.653846,0.567593,46.6211
perlin-0005,perlin,maps/perlin/perlin-0005.json,310011336,49,38,0.67166,0.430183,0.569817,13,0.288937,0.441176,0.780183,58.3134
perlin-0006,perlin,maps/perlin/perlin-0006.json,1251988800,43,30,0.907051,0.483721,0.516279,4,0.43876,0.5,0.833721,73.8336
perlin-0007,perlin,maps/perlin/perlin-0007.json,173744132,31,47,0.872054,0.407687,0.592313,3,0.355525,0.407895,0.757687,67.8701
perlin-0008,perlin,maps/perlin/perlin-0008.json,559108648,33,39,0.984955,0.77467,0.22533,2,0.763015,0.114286,0.87533,80.9217
perlin-0009,perlin,maps/perlin/perlin-0009.json,1449389000,42,34,0.882143,0.588235,0.411765,4,0.518908,0.425676,0.938235,77.6041
perlin-0010,perlin,maps/perlin/perlin-0010.json,1197564230,49,38,0.957733,0.559076,0.440924,3,0.535446,0.441176,0.909076,79.6703
perlin-0011,perlin,maps/perlin/perlin-0011.json,940366490,48,36,0.792316,0.557292,0.442708,3,0.441551,0.347561,0.907292,71.8313
perlin-0012,perlin,maps/perlin/perlin-0012.json,1737077482,34,34,1.0,0.621972,0.378028,1,0.621972,0.409091,0.971972,85.2161
perlin-0013,perlin,maps/perlin/perlin-0013.json,1436495813,39,49,0.923077,0.632653,0.367347,7,0.583987,0.27907,0.982653,79.2223
perlin-0014,perlin,maps/perlin/perlin-0014.json,677659473,30,47,0.744409,0.443972,0.556028,5,0.330496,0.573333,0.793972,65.7979
perlin-0015,perlin,maps/perlin/perlin-0015.json,1235547067,50,39,0.968201,0.612821,0.387179,10,0.593333,0.448276,0.962821,80.7608
perlin-0016,perlin,maps/perlin/perlin-0016.json,219858644,43,47,0.970615,0.538842,0.461158,2,0.523008,0.488636,0.888842,79.9078
perlin-0017,perlin,maps/perlin/perlin-0017.json,264143621,49,49,0.951402,0.668471,0.331529,7,0.635985,0.34375,0.981529,81.7194
perlin-0018,perlin,maps/perlin/perlin-0018.json,1585174067,37,47,1.0,0.80506,0.19494,1,0.80506,0.329268,0.84494,83.6334
perlin-0019,perlin,maps/perlin/perlin-0019.json,301602573,50,46,0.969805,0.489565,0.510435,9,0.474783,0.526596,0.839565,75.2405
perlin-0020,perlin,maps/perlin/perlin-0020.json,1628200158,36,46,0.646997,0.573068,0.426932,7,0.370773,0.40625,0.923068,65.8619
perlin-0021,perlin,maps/perlin/perlin-0021.json,11900727,30,49,0.798196,0.603401,0.396599,3,0.481633,0.493506,0.953401,75.8827
perlin-0022,perlin,maps/perlin/perlin-0022.json,795175477,48,44,0.991356,0.712121,0.287879,2,0.705966,0.355556,0.937879,84.5747
perlin-0023,perlin,maps/perlin/perlin-0023.json,1187136700,46,46,0.966232,0.797732,0.202268,4,0.770794,0.194444,0.852268,79.8434
perlin-0024,perlin,maps/perlin/perlin-0024.json,1344184573,45,30,0.992966,0.631852,0.368148,2,0.627407,0.40411,0.981852,85.0764
perlin-0025,perlin,maps/perlin/perlin-0025.json,2737507,49,49,1.0,0.606414,0.393586,1,0.606414,0.5,0.956414,85.2694
perlin-0026,perlin,maps/perlin/perlin-0026.json,737812574,38,36,1.0,0.27193,0.72807,1,0.27193,0.798611,0.62193,69.8589
perlin-0027,perlin,maps/perlin/perlin-0027.json,2131312241,41,39,0.819688,0.641651,0.358349,3,0.525954,0.365385,0.991651,77.4713
perlin-0028,perlin,maps/perlin/perlin-0028.json,1095688825,49,37,0.781344,0.549917,0.450083,4,0.429675,0.488095,0.899917,72.0785
perlin-0029,perlin,maps/perlin/perlin-0029.json,1555373022,33,37,0.315589,0.215397,0.784603,10,0.067977,0.713235,0.565397,39.4151
perlin-0030,perlin,maps/perlin/perlin-0030.json,2007461833,39,34,0.993377,0.797134,0.202866,2,0.791855,0.211268,0.852866,81.9347
perlin-0031,perlin,maps/perlin/perlin-0031.json,505395567,40,35,0.431464,0.458571,0.541429,4,0.197857,0.40411,0.808571,52.9088
perlin-0032,perlin,maps/perlin/perlin-0032.json,1029943262,47,39,0.991215,0.745226,0.254774,5,0.73868,0.327381,0.904774,82.7843
perlin-0033,perlin,maps/perlin/perlin-0033.json,763336810,35,32,0.610256,0.348214,0.651786,2,0.2125,0.638462,0.698214,57.7131
perlin-0034,perlin,maps/perlin/perlin-0034.json,649703472,41,35,0.810909,0.191638,0.808362,5,0.155401,0.75,0.541638,57.2259
perlin-0035,perlin,maps/perlin/perlin-0035.json,1922548905,50,47,0.486934,0.488511,0.511489,7,0.237872,0.610526,0.838511,57.4853
perlin-0036,perlin,maps/perlin/perlin-0036.json,64843575,44,49,0.964674,0.682746,0.317254,7,0.658627,0.21978,0.967254,80.8311
perlin-0037,perlin,maps/perlin/perlin-0037.json,1530011525,37,44,1.0,0.57801,0.42199,1,0.57801,0.550633,0.92801,84.2135
perlin-0038,perlin,maps/perlin/perlin-0038.json,828504737,47,38,0.536467,0.345465,0.654535,6,0.18533,0.542169,0.695465,52.5636
perlin-0039,perlin,maps/perlin/perlin-0039.json,924354020,44,36,0.691176,0.472222,0.527778,8,0.326389,0.711538,0.822222,65.4896
perlin-0040,perlin,maps/perlin/perlin-0040.json,491802312,35,41,0.82876,0.634843,0.365157,19,0.526132,0.47973,0.984843,74.6522
perlin-0041,perlin,maps/perlin/perlin-0041.json,753141138,34,41,0.891339,0.455524,0.544476,3,0.406026,0.383562,0.805524,70.8896
perlin-0042,perlin,maps/perlin/perlin-0042.json,1919708664,44,46,0.93469,0.461462,0.538538,9,0.431324,0.6875,0.811462,73.9434
perlin-0043,perlin,maps/perlin/perlin-0043.json,577839358,43,47,0.992725,0.884216,0.115784,2,0.877783,0.204545,0.765784,80.5187
perlin-0044,perlin,maps/perlin/perlin-0044.json,48164701,45,33,0.938567,0.591919,0.408081,11,0.555556,0.223684,0.941919,75.8055
perlin-0045,perlin,maps/perlin/perlin-0045.json,773428723,46,40,1.0,0.724457,0.275543,1,0.724457,0.363095,0.925543,85.1808
perlin-0046,perlin,maps/perlin/perlin-0046.json,695004012,35,41,0.988669,0.737979,0.262021,2,0.729617,0.310811,0.912021,83.6146
perlin-0047,perlin,maps/perlin/perlin-0047.json,918502583,30,42,0.460993,0.335714,0.664286,11,0.154762,0.678571,0.685714,49.0441
perlin-0048,perlin,maps/perlin/perlin-0048.json,95400435,45,30,0.376206,0.23037,0.76963,5,0.086667,0.506849,0.58037,41.7343
perlin-0049,perlin,maps/perlin/perlin-0049.json,1904782680,45,44,1.0,0.75303,0.24697,1,0.75303,0.247126,0.89697,83.5925
perlin-0050,perlin,maps/perlin/perlin-0050.json,1121135150,38,44,0.957821,0.680622,0.319378,8,0.651914,0.4375,0.969378,82.4095
perlin-0051,perlin,maps/perlin/perlin-0051.json,1658239748,33,49,0.715569,0.413111,0.586889,3,0.295609,0.425,0.763111,62.3381
perlin-0052,perlin,maps/perlin/perlin-0052.json,1404667596,46,45,1.0,0.852657,0.147343,1,0.852657,0.286517,0.797343,82.492
perlin-0053,perlin,maps/perlin/perlin-0053.json,743975332,42,48,0.724796,0.182044,0.817956,3,0.131944,0.579545,0.532044,52.7997
perlin-0054,perlin,maps/perlin/perlin-0054.json,1398719218,39,38,0.423341,0.294872,0.705128,4,0.124831,0.54,0.644872,46.834
perlin-0055,perlin,maps/perlin/perlin-0055.json,817008732,45,36,0.960983,0.42716,0.57284,4,0.410494,0.759494,0.77716,75.5016
perlin-0056,perlin,maps/perlin/perlin-0056.json,509310382,44,30,1.0,0.960606,0.039394,1,0.960606,0.041667,0.689394,78.4242
perlin-0057,perlin,maps/perlin/perlin-0057.json,554456459,34,48,0.798956,0.469363,0.530637,4,0.375,0.4,0.819363,67.813
perlin-0058,perlin,maps/perlin/perlin-0058.json,1262980201,38,49,0.523098,0.395274,0.604726,6,0.206767,0.311765,0.745274,52.0305
perlin-0059,perlin,maps/perlin/perlin-0059.json,1681678246,39,32,0.992788,0.666667,0.333333,2,0.661859,0.246377,0.983333,84.2346
perlin-0060,perlin,maps/perlin/perlin-0060.json,868255093,31,39,0.497778,0.372208,0.627792,5,0.185277,0.625,0.722208,53.4995
perlin-0061,perlin,maps/perlin/perlin-0061.json,2087935672,35,37,1.0,0.345174,0.654826,1,0.345174,0.757143,0.695174,73.4727
perlin-0062,perlin,maps/perlin/perlin-0062.json,148188298,42,41,0.995602,0.660279,0.339721,3,0.657375,0.58642,0.989721,87.52
perlin-0063,perlin,maps/perlin/perlin-0063.json,894035442,38,37,0.407045,0.363442,0.636558,8,0.147937,0.465753,0.713442,47.1314
perlin-0064,perlin,maps/perlin/perlin-0064.json,198840556,40,40,0.274436,0.16625,0.83375,32,0.045625,0.833333,0.51625,35.5477
perlin-0065,perlin,maps/perlin/perlin-0065.json,587734639,47,33,0.995704,0.600258,0.399742,2,0.597679,0.429487,0.950258,83.7119
perlin-0066,perlin,maps/perlin/perlin-0066.json,2003100914,45,47,0.921671,0.543262,0.456738,5,0.500709,0.494444,0.893262,77.2063
perlin-0067,perlin,maps/perlin/perlin-0067.json,1114637979,40,47,0.275766,0.190957,0.809043,11,0.05266,0.658824,0.540957,36.1813
perlin-0068,perlin,maps/perlin/perlin-0068.json,409366875,32,31,0.934492,0.754032,0.245968,5,0.704637,0.295082,0.895968,79.7705
perlin-0069,perlin,maps/perlin/perlin-0069.json,1201491420,50,35,0.950679,0.799429,0.200571,2,0.76,0.23494,0.850571,80.1731
perlin-0070,perlin,maps/perlin/perlin-0070.json,1649402221,37,40,0.85298,0.510135,0.489865,7,0.435135,0.386667,0.860135,70.9302
perlin-0071,perlin,maps/perlin/perlin-0071.json,623214770,44,47,1.0,0.840909,0.159091,1,0.840909,0.185393,0.809091,81.657
perlin-0072,perlin,maps/perlin/perlin-0072.json,1259293446,30,47,1.0,0.697872,0.302128,1,0.697872,0.386667,0.952128,85.8152
perlin-0073,perlin,maps/perlin/perlin-0073.json,607438781,46,38,0.654668,0.508581,0.491419,21,0.332952,0.658537,0.858581,62.9348
perlin-0074,perlin,maps/perlin/perlin-0074.json,627572297,49,49,0.412969,0.48813,0.51187,7,0.201583,0.479167,0.83813,53.2136
perlin-0075,perlin,maps/perlin/perlin-0075.json,1899941068,47,39,0.633873,0.43808,0.56192,14,0.277687,0.428571,0.78808,56.7718
perlin-0076,perlin,maps/perlin/perlin-0076.json,1839055734,50,36,0.906874,0.751667,0.248333,7,0.681667,0.214286,0.898333,77.0907
perlin-0077,perlin,maps/perlin/perlin-0077.json,586955530,30,38,0.700306,0.286842,0.713158,10,0.200877,0.757576,0.636842,56.5586
perlin-0078,perlin,maps/perlin/perlin-0078.json,610933582,35,34,0.54878,0.068908,0.931092,3,0.037815,0.828358,0.418908,44.1651
perlin-0079,perlin,maps/perlin/perlin-0079.json,1513397186,43,30,1.0,0.273643,0.726357,1,0.273643,0.711268,0.623643,69.0797
perlin-0080,perlin,maps/perlin/perlin-0080.json,1532365657,34,36,0.352113,0.348039,0.651961,5,0.122549,0.404412,0.698039,44.8232
perlin-0081,perlin,maps/perlin/perlin-0081.json,1291864041,31,33,1.0,0.422287,0.577713,1,0.422287,0.758065,0.772287,77.7231
perlin-0082,perlin,maps/perlin/perlin-0082.json,1767913855,39,35,0.943775,0.547253,0.452747,3,0.516484,0.25,0.897253,76.5468
perlin-0083,perlin,maps/perlin/perlin-0083.json,1305248286,33,32,0.671916,0.360795,0.639205,8,0.242424,0.5,0.710795,57.2171
perlin-0084,perlin,maps/perlin/perlin-0084.json,757158476,38,42,0.430657,0.343358,0.656642,5,0.14787,0.621795,0.693358,49.6959
perlin-0085,perlin,maps/perlin/perlin-0085.json,1716945827,44,30,0.940645,0.587121,0.412879,2,0.552273,0.416667,0.937121,80.5641
perlin-0086,perlin,maps/perlin/perlin-0086.json,314310151,40,45,0.782313,0.408333,0.591667,3,0.319444,0.475904,0.758333,65.159
perlin-0087,perlin,maps/perlin/perlin-0087.json,1528182819,31,40,0.667442,0.346774,0.653226,9,0.231452,0.528986,0.696774,56.3292
perlin-0088,perlin,maps/perlin/perlin-0088.json,740401975,30,34,0.998941,0.92549,0.07451,2,0.92451,0.233871,0.72451,80.4883
perlin-0089,perlin,maps/perlin/perlin-0089.json,1557439296,33,36,0.814754,0.513468,0.486532,13,0.41835,0.537313,0.863468,69.0708
perlin-0090,perlin,maps/perlin/perlin-0090.json,876826212,31,41,0.407625,0.268293,0.731707,9,0.109363,0.664286,0.618293,44.6991
perlin-0091,perlin,maps/perlin/perlin-0091.json,1891337911,38,49,0.673203,0.657358,0.342642,3,0.442535,0.311765,0.992642,70.9069
perlin-0092,perlin,maps/perlin/perlin-0092.json,454388295,39,30,0.626506,0.354701,0.645299,2,0.222222,0.440299,0.704701,56.6405
perlin-0093,perlin,maps/perlin/perlin-0093.json,1823565453,37,39,0.73132,0.435897,0.564103,18,0.31878,0.405405,0.785897,59.8757
perlin-0094,perlin,maps/perlin/perlin-0094.json,1962683645,42,33,0.985816,0.61039,0.38961,3,0.601732,0.575342,0.96039,84.9762
perlin-0095,perlin,maps/perlin/perlin-0095.json,951994323,35,35,1.0,0.722449,0.277551,1,0.722449,0.514706,0.927551,86.727
perlin-0096,perlin,maps/perlin/perlin-0096.json,48761058,41,30,0.917603,0.65122,0.34878,16,0.597561,0.376812,0.99878,78.2047
perlin-0097,perlin,maps/perlin/perlin-0097.json,880280347,44,34,0.642586,0.351604,0.648396,4,0.225936,0.611842,0.701604,58.1375
perlin-0098,perlin,maps/perlin/perlin-0098.json,974731194,50,48,0.985965,0.2375,0.7625,4,0.234167,0.494792,0.5875,63.4394
perlin-0099,perlin,maps/perlin/perlin-0099.json,878004155,32,48,0.984171,0.699219,0.300781,3,0.688151,0.416667,0.950781,84.7322
perlin-0100,perlin,maps/perlin/perlin-0100.json,849003728,34,46,0.582361,0.492967,0.507033,2,0.287084,0.570513,0.842967,62.7548
perlin-0101,perlin,maps/perlin/perlin-0101.json,469056605,44,31,1.0,0.878299,0.121701,1,0.878299,0.308219,0.771701,82.3244
perlin-0102,perlin,maps/perlin/perlin-0102.json,1512140244,47,35,0.952607,0.769605,0.230395,10,0.733131,0.20625,0.880395,77.7838
perlin-0103,perlin,maps/perlin/perlin-0103.json,952281330,36,41,1.0,0.448509,0.551491,1,0.448509,0.533333,0.798509,76.918
perlin-0104,perlin,maps/perlin/perlin-0104.json,1438046950,35,47,0.995298,0.775684,0.224316,5,0.772036,0.1625,0.874316,80.8591
perlin-0105,perlin,maps/perlin/perlin-0105.json,2013629594,35,47,0.879556,0.383587,0.616413,5,0.337386,0.58125,0.733587,67.9558
perlin-0106,perlin,maps/perlin/perlin-0106.json,648703773,45,44,0.971429,0.070707,0.929293,2,0.068687,0.821839,0.420707,57.7931
perlin-0107,perlin,maps/perlin/perlin-0107.json,911578514,36,46,1.0,0.675725,0.324275,1,0.675725,0.49375,0.974275,87.2183
perlin-0108,perlin,maps/perlin/perlin-0108.json,1318316032,33,31,0.877064,0.532747,0.467253,2,0.467253,0.274194,0.882747,73.6284
perlin-0109,perlin,maps/perlin/perlin-0109.json,2042795276,36,39,0.892453,0.377493,0.622507,3,0.336895,0.609589,0.727493,69.0696
perlin-0110,perlin,maps/perlin/perlin-0110.json,1992355132,36,50,0.321123,0.455,0.545,5,0.146111,0.47619,0.805,48.8262
perlin-0111,perlin,maps/perlin/perlin-0111.json,1657889805,35,49,0.9375,0.653061,0.346939,9,0.612245,0.341463,0.996939,80.6774
perlin-0112,perlin,maps/perlin/perlin-0112.json,2105040190,32,47,0.914508,0.256649,0.743351,7,0.234707,0.688312,0.606649,62.9119
perlin-0113,perlin,maps/perlin/perlin-0113.json,690338439,33,40,0.785953,0.226515,0.773485,2,0.17803,0.788732,0.576515,59.5379
perlin-0114,perlin,maps/perlin/perlin-0114.json,1268719297,45,34,0.552699,0.254248,0.745752,14,0.140523,0.655844,0.604248,47.4319
perlin-0115,perlin,maps/perlin/perlin-0115.json,1506921335,49,50,0.57075,0.429796,0.570204,4,0.245306,0.56701,0.779796,58.6583
perlin-0116,perlin,maps/perlin/perlin-0116.json,309990085,45,41,0.996288,0.730081,0.269919,5,0.727371,0.291667,0.919919,82.8832
perlin-0117,perlin,maps/perlin/perlin-0117.json,49517373,40,47,1.0,0.556383,0.443617,1,0.556383,0.541176,0.906383,82.9295
perlin-0118,perlin,maps/perlin/perlin-0118.json,1493673347,43,47,0.868902,0.324592,0.675408,6,0.282039,0.6875,0.674592,65.1936
perlin-0119,perlin,maps/perlin/perlin-0119.json,155295086,40,38,0.837638,0.178289,0.821711,4,0.149342,0.835526,0.528289,58.6281
perlin-0120,perlin,maps/perlin/perlin-0120.json,1331526255,35,39,0.961332,0.682051,0.317949,5,0.655678,0.354167,0.967949,82.7067
perlin-0121,perlin,maps/perlin/perlin-0121.json,160130139,36,47,0.733075,0.305556,0.694444,13,0.223995,0.716049,0.655556,57.2438
perlin-0122,perlin,maps/perlin/perlin-0122.json,962492294,34,41,0.886847,0.74175,0.25825,2,0.657819,0.219178,0.90825,78.0757
perlin-0123,perlin,maps/perlin/perlin-0123.json,1477614674,45,38,0.651452,0.422807,0.577193,5,0.275439,0.283951,0.772807,58.2734
perlin-0124,perlin,maps/perlin/perlin-0124.json,1171289149,50,45,0.700535,0.166222,0.833778,3,0.116444,0.623656,0.516222,51.6493
perlin-0125,perlin,maps/perlin/perlin-0125.json,431493301,38,38,0.945916,0.627424,0.372576,2,0.59349,0.493243,0.977424,83.7229
perlin-0126,perlin,maps/perlin/perlin-0126.json,1302473798,43,44,1.0,0.823996,0.176004,1,0.823996,0.182353,0.826004,81.8803
perlin-0127,perlin,maps/perlin/perlin-0127.json,1372876768,36,30,1.0,0.765741,0.234259,1,0.765741,0.359375,0.884259,84.5243
perlin-0128,perlin,maps/perlin/perlin-0128.json,1032096205,44,38,1.0,0.433612,0.566388,1,0.433612,0.6625,0.783612,77.3904
perlin-0129,perlin,maps/perlin/perlin-0129.json,1895984773,45,48,0.868866,0.547222,0.452778,3,0.475463,0.324176,0.897222,74.2198
perlin-0130,perlin,maps/perlin/perlin-0130.json,808648691,45,45,0.937876,0.49284,0.50716,3,0.462222,0.386364,0.84284,74.7437
perlin-0131,perlin,maps/perlin/perlin-0131.json,1956737720,48,46,0.596504,0.62183,0.37817,2,0.370924,0.483696,0.97183,68.4979
perlin-0132,perlin,maps/perlin/perlin-0132.json,315469787,44,33,0.60452,0.487603,0.512397,11,0.294766,0.38,0.837603,58.4804
perlin-0133,perlin,maps/perlin/perlin-0133.json,1720152272,49,47,0.630337,0.386452,0.613548,5,0.243595,0.468085,0.736452,57.572
perlin-0134,perlin,maps/perlin/perlin-0134.json,2003460826,35,30,0.882096,0.43619,0.56381,2,0.384762,0.420635,0.78619,70.2145
perlin-0135,perlin,maps/perlin/perlin-0135.json,1051640421,41,30,1.0,0.713821,0.286179,1,0.713821,0.492754,0.936179,86.6369
perlin-0136,perlin,maps/perlin/perlin-0136.json,168969155,50,31,1.0,0.529677,0.470323,1,0.529677,0.702532,0.879677,83.0742
perlin-0137,perlin,maps/perlin/perlin-0137.json,318430110,30,49,0.994819,0.787755,0.212245,2,0.783673,0.246753,0.862245,82.4975
perlin-0138,perlin,maps/perlin/perlin-0138.json,713500889,45,50,0.730159,0.336,0.664,8,0.245333,0.478495,0.686,57.9397
perlin-0139,perlin,maps/perlin/perlin-0139.json,1492441975,40,50,0.505721,0.2185,0.7815,5,0.1105,0.869318,0.5685,49.3056
perlin-0140,perlin,maps/perlin/perlin-0140.json,1811792262,47,49,0.84507,0.647416,0.352584,16,0.547112,0.521277,0.997416,76.4167
perlin-0141,perlin,maps/perlin/perlin-0141.json,1915147628,47,49,0.829684,0.356926,0.643074,4,0.296135,0.648936,0.706926,65.7117
perlin-0142,perlin,maps/perlin/perlin-0142.json,210324655,31,43,0.975,0.540135,0.459865,4,0.526632,0.479167,0.890135,79.3957
perlin-0143,perlin,maps/perlin/perlin-0143.json,1636635812,41,34,0.431472,0.14132,0.85868,5,0.060976,0.60274,0.49132,40.7206
perlin-0144,perlin,maps/perlin/perlin-0144.json,399034470,43,49,0.986239,0.413859,0.586141,2,0.408163,0.722222,0.763859,76.041
perlin-0145,perlin,maps/perlin/perlin-0145.json,172847449,40,36,0.999277,0.961111,0.038889,2,0.960417,0.033784,0.688889,77.9689
perlin-0146,perlin,maps/perlin/perlin-0146.json,1177290837,38,43,0.963945,0.577111,0.422889,3,0.556304,0.613924,0.927111,82.6326
perlin-0147,perlin,maps/perlin/perlin-0147.json,459619707,50,41,0.297521,0.177073,0.822927,8,0.052683,0.814607,0.527073,38.9062
perlin-0148,perlin,maps/perlin/perlin-0148.json,2092771174,35,35,0.977244,0.645714,0.354286,2,0.63102,0.367647,0.995714,84.7975
perlin-0149,perlin,maps/perlin/perlin-0149.json,1542776507,46,32,0.717521,0.569973,0.430027,4,0.408967,0.25,0.919973,68.0707
perlin-0150,perlin,maps/perlin/perlin-0150.json,1199482110,32,36,0.543353,0.300347,0.699653,2,0.163194,0.651515,0.650347,53.1751
perlin-0151,perlin,maps/perlin/perlin-0151.json,228085634,50,41,0.714504,0.319512,0.680488,11,0.228293,0.702247,0.669512,57.7897
perlin-0152,perlin,maps/perlin/perlin-0152.json,1676370788,40,39,0.997965,0.630128,0.369872,2,0.628846,0.350649,0.980128,84.6602
perlin-0153,perlin,maps/perlin/perlin-0153.json,646515646,34,45,0.564045,0.29085,0.70915,4,0.164052,0.896104,0.64085,55.2598
perlin-0154,perlin,maps/perlin/perlin-0154.json,1337264787,31,33,0.94186,0.672532,0.327468,2,0.633431,0.483871,0.977468,84.3079
perlin-0155,perlin,maps/perlin/perlin-0155.json,430413361,47,40,0.628342,0.397872,0.602128,4,0.25,0.664706,0.747872,60.3395
perlin-0156,perlin,maps/perlin/perlin-0156.json,40950354,34,38,0.869981,0.404799,0.595201,3,0.352167,0.485714,0.754799,68.4179
perlin-0157,perlin,maps/perlin/perlin-0157.json,1053500502,41,34,0.998104,0.756815,0.243185,3,0.75538,0.383562,0.893185,84.1478
perlin-0158,perlin,maps/perlin/perlin-0158.json,853422005,31,32,0.878049,0.330645,0.669355,2,0.290323,0.54918,0.680645,65.7956
perlin-0159,perlin,maps/perlin/perlin-0159.json,2064976682,37,33,0.841652,0.475839,0.524161,3,0.400491,0.522059,0.825839,71.3844
perlin-0160,perlin,maps/perlin/perlin-0160.json,1673182000,46,32,0.578652,0.120924,0.879076,2,0.069973,0.815789,0.470924,47.7326
perlin-0161,perlin,maps/perlin/perlin-0161.json,2058497977,34,43,0.830508,0.242134,0.757866,5,0.201094,0.686667,0.592134,59.8618
perlin-0162,perlin,maps/perlin/perlin-0162.json,735433732,32,45,0.694981,0.179861,0.820139,4,0.125,0.74,0.529861,52.9612
perlin-0163,perlin,maps/perlin/perlin-0163.json,1278552258,42,33,0.602241,0.257576,0.742424,4,0.155123,0.684932,0.607576,52.9508
perlin-0164,perlin,maps/perlin/perlin-0164.json,1309635226,37,41,0.944516,0.510877,0.489123,6,0.482531,0.763158,0.860877,78.7484
perlin-0165,perlin,maps/perlin/perlin-0165.json,1210660735,46,34,0.967359,0.430946,0.569054,2,0.41688,0.596154,0.780946,74.9864
perlin-0166,perlin,maps/perlin/perlin-0166.json,278995582,45,35,0.853535,0.628571,0.371429,3,0.536508,0.333333,0.978571,77.9196
perlin-0167,perlin,maps/perlin/perlin-0167.json,1433290071,40,47,0.438538,0.160106,0.839894,12,0.070213,0.829412,0.510106,41.7082
perlin-0168,perlin,maps/perlin/perlin-0168.json,115620433,48,50,0.517241,0.61625,0.38375,2,0.31875,0.479167,0.96625,64.836
perlin-0169,perlin,maps/perlin/perlin-0169.json,1946884782,33,37,0.497835,0.378378,0.621622,8,0.18837,0.463235,0.728378,51.1614
perlin-0170,perlin,maps/perlin/perlin-0170.json,1666793213,34,39,1.0,0.738311,0.261689,1,0.738311,0.352113,0.911689,84.8631
perlin-0171,perlin,maps/perlin/perlin-0171.json,212816447,41,44,0.990114,0.728936,0.271064,6,0.721729,0.228916,0.921064,81.6644
perlin-0172,perlin,maps/perlin/perlin-0172.json,820139788,44,39,0.969178,0.680653,0.319347,3,0.659674,0.475309,0.969347,84.9491
perlin-0173,perlin,maps/perlin/perlin-0173.json,466525426,43,31,0.469565,0.258815,0.741185,4,0.12153,0.479167,0.608815,46.2844
perlin-0174,perlin,maps/perlin/perlin-0174.json,1614041434,34,50,0.978858,0.556471,0.443529,2,0.544706,0.323171,0.906471,79.5514
perlin-0175,perlin,maps/perlin/perlin-0175.json,766586743,49,37,1.0,0.749586,0.250414,1,0.749586,0.380952,0.900414,84.9824
perlin-0176,perlin,maps/perlin/perlin-0176.json,242802342,39,33,0.985994,0.554779,0.445221,4,0.547009,0.621429,0.904779,82.0682
perlin-0177,perlin,maps/perlin/perlin-0177.json,4219652,45,46,0.659357,0.330435,0.669565,7,0.217874,0.5,0.680435,55.6201
perlin-0178,perlin,maps/perlin/perlin-0178.json,314690281,47,31,0.768061,0.180508,0.819492,4,0.138641,0.802632,0.530508,56.0754
perlin-0179,perlin,maps/perlin/perlin-0179.json,707135616,30,50,0.534118,0.566667,0.433333,2,0.302667,0.217949,0.916667,60.673
perlin-0180,perlin,maps/perlin/perlin-0180.json,1230227620,42,34,1.0,0.922269,0.077731,1,0.922269,0.141892,0.727731,80.0016
perlin-0181,perlin,maps/perlin/perlin-0181.json,474335913,41,47,1.0,0.761287,0.238713,1,0.761287,0.075581,0.888713,81.7532
perlin-0182,perlin,maps/perlin/perlin-0182.json,2094669333,35,45,0.648649,0.540317,0.459683,2,0.350476,0.198718,0.890317,63.9506
perlin-0183,perlin,maps/perlin/perlin-0183.json,1839159439,50,32,0.962016,0.80625,0.19375,3,0.775625,0.2125,0.84375,80.0292
perlin-0184,perlin,maps/perlin/perlin-0184.json,554798011,35,32,0.992327,0.698214,0.301786,2,0.692857,0.376923,0.951786,85.042
perlin-0185,perlin,maps/perlin/perlin-0185.json,915764300,34,45,0.982602,0.864052,0.135948,2,0.84902,0.090909,0.785948,79.209
perlin-0186,perlin,maps/perlin/perlin-0186.json,1688112051,31,48,1.0,0.086022,0.913978,1,0.086022,0.837662,0.436022,60.0245
perlin-0187,perlin,maps/perlin/perlin-0187.json,696791811,30,44,1.0,0.561364,0.438636,1,0.561364,0.583333,0.911364,83.625
perlin-0188,perlin,maps/perlin/perlin-0188.json,470043910,36,32,1.0,0.605035,0.394965,1,0.605035,0.19697,0.955035,82.1633
perlin-0189,perlin,maps/perlin/perlin-0189.json,1135209560,47,42,0.94878,0.4154,0.5846,7,0.394124,0.775862,0.7654,73.5602
perlin-0190,perlin,maps/perlin/perlin-0190.json,693916385,44,34,0.774924,0.442513,0.557487,18,0.342914,0.546053,0.792513,63.3045
perlin-0191,perlin,maps/perlin/perlin-0191.json,819539763,47,34,0.961089,0.643304,0.356696,3,0.618273,0.493671,0.993304,84.9005
perlin-0192,perlin,maps/perlin/perlin-0192.json,110914095,40,42,0.990108,0.661905,0.338095,2,0.655357,0.525,0.988095,86.977
perlin-0193,perlin,maps/perlin/perlin-0193.json,1934479105,49,34,1.0,0.327131,0.672869,1,0.327131,0.82716,0.677131,73.1805
perlin-0194,perlin,maps/perlin/perlin-0194.json,1401767395,31,43,0.508,0.562641,0.437359,4,0.285821,0.347222,0.912641,60.0377
perlin-0195,perlin,maps/perlin/perlin-0195.json,1344059233,48,39,0.874677,0.413462,0.586538,14,0.361645,0.594118,0.763462,66.4689
perlin-0196,perlin,maps/perlin/perlin-0196.json,1282185494,40,40,0.645683,0.3475,0.6525,2,0.224375,0.410256,0.6975,56.7064
perlin-0197,perlin,maps/perlin/perlin-0197.json,113919327,36,39,0.887052,0.258547,0.741453,6,0.229345,0.691781,0.608547,62.4154
perlin-0198,perlin,maps/perlin/perlin-0198.json,1678979041,36,39,1.0,0.347578,0.652422,1,0.347578,0.760274,0.697578,73.6362
perlin-0199,perlin,maps/perlin/perlin-0199.json,1833323528,47,38,1.0,0.62262,0.37738,1,0.62262,0.578313,0.97262,86.9439
perlin-0200,perlin,maps/perlin/perlin-0200.json,1236600422,38,37,0.951697,0.544808,0.455192,3,0.518492,0.472603,0.894808,78.9651
perlin-0201,perlin,maps/perlin/perlin-0201.json,118637380,45,45,1.0,0.692346,0.307654,1,0.692346,0.551136,0.957654,87.5428
perlin-0202,perlin,maps/perlin/perlin-0202.json,2035674995,40,39,0.711864,0.340385,0.659615,5,0.242308,0.668831,0.690385,60.3872
perlin-0203,perlin,maps/perlin/perlin-0203.json,488858091,31,36,0.973881,0.72043,0.27957,2,0.701613,0.5,0.92957,85.117
perlin-0204,perlin,maps/perlin/perlin-0204.json,1938362916,48,34,0.361244,0.256127,0.743873,7,0.092525,0.825,0.606127,44.8189
perlin-0205,perlin,maps/perlin/perlin-0205.json,226672479,50,46,0.685022,0.394783,0.605217,12,0.270435,0.473404,0.744783,57.7608
perlin-0206,perlin,maps/perlin/perlin-0206.json,545570526,44,44,0.97664,0.574897,0.425103,6,0.561467,0.401163,0.924897,79.9115
perlin-0207,perlin,maps/perlin/perlin-0207.json,1896503224,44,37,0.72191,0.218673,0.781327,7,0.157862,0.531646,0.568673,52.7012
perlin-0208,perlin,maps/perlin/perlin-0208.json,905977849,33,38,0.58046,0.138756,0.861244,5,0.080542,0.746377,0.488756,46.9282
perlin-0209,perlin,maps/perlin/perlin-0209.json,2030945518,32,31,0.487106,0.351815,0.648185,5,0.171371,0.42623,0.701815,50.1997
perlin-0210,perlin,maps/perlin/perlin-0210.json,2111489044,35,39,0.954918,0.715018,0.284982,9,0.682784,0.305556,0.934982,80.0831
perlin-0211,perlin,maps/perlin/perlin-0211.json,2098827250,35,42,0.96478,0.540816,0.459184,2,0.521769,0.38,0.890816,78.6907
perlin-0212,perlin,maps/perlin/perlin-0212.json,1237848167,41,49,0.819689,0.480338,0.519662,3,0.393728,0.465909,0.830338,70.1862
perlin-0213,perlin,maps/perlin/perlin-0213.json,687818423,39,49,0.834593,0.623234,0.376766,10,0.520147,0.25,0.973234,73.6706
perlin-0214,perlin,maps/perlin/perlin-0214.json,68645661,37,44,0.96926,0.639435,0.360565,3,0.619779,0.575949,0.989435,85.8631
perlin-0215,perlin,maps/perlin/perlin-0215.json,1733550732,40,41,0.472727,0.134146,0.865854,13,0.063415,0.689873,0.484146,39.9606
perlin-0216,perlin,maps/perlin/perlin-0216.json,255614436,45,40,0.62069,0.354444,0.645556,7,0.22,0.656627,0.704444,56.9092
perlin-0217,perlin,maps/perlin/perlin-0217.json,1956262583,42,45,0.995773,0.625926,0.374074,3,0.62328,0.311765,0.975926,83.6139
perlin-0218,perlin,maps/perlin/perlin-0218.json,106775717,33,38,1.0,0.756778,0.243222,1,0.756778,0.268116,0.893222,83.7462
perlin-0219,perlin,maps/perlin/perlin-0219.json,1738387608,33,38,0.902857,0.558214,0.441786,2,0.503987,0.485507,0.908214,78.1413
perlin-0220,perlin,maps/perlin/perlin-0220.json,1230564695,33,47,0.639519,0.482914,0.517086,8,0.308833,0.538462,0.832914,62.2322
perlin-0221,perlin,maps/perlin/perlin-0221.json,244819914,47,43,0.997321,0.554181,0.445819,3,0.552697,0.732955,0.904181,83.9495
perlin-0222,perlin,maps/perlin/perlin-0222.json,99693723,44,48,0.986842,0.683712,0.316288,2,0.674716,0.338889,0.966288,84.6419
perlin-0223,perlin,maps/perlin/perlin-0223.json,232486685,38,33,0.347826,0.110048,0.889952,11,0.038278,0.891304,0.460048,37.5484
perlin-0224,perlin,maps/perlin/perlin-0224.json,389437074,41,47,1.0,0.620135,0.379865,1,0.620135,0.651163,0.970135,87.5357
perlin-0225,perlin,maps/perlin/perlin-0225.json,868393847,33,43,0.578846,0.366455,0.633545,7,0.212121,0.533784,0.716455,54.6882
perlin-0226,perlin,maps/perlin/perlin-0226.json,1694011799,44,33,1.0,0.790634,0.209366,1,0.790634,0.346667,0.859366,84.0238
perlin-0227,perlin,maps/perlin/perlin-0227.json,887475310,38,49,1.0,0.005371,0.994629,1,0.005371,0.970588,0.355371,56.9179
perlin-0228,perlin,maps/perlin/perlin-0228.json,553169754,38,44,0.647059,0.406699,0.593301,9,0.263158,0.4625,0.756699,57.7844
perlin-0229,perlin,maps/perlin/perlin-0229.json,741965942,34,39,0.478346,0.383107,0.616893,4,0.183258,0.669014,0.733107,54.0311
perlin-0230,perlin,maps/perlin/perlin-0230.json,1431867393,37,40,0.304833,0.181757,0.818243,5,0.055405,0.546667,0.531757,37.6646
perlin-0231,perlin,maps/perlin/perlin-0231.json,571410136,48,42,0.933955,0.638393,0.361607,8,0.59623,0.346591,0.988393,80.3362
perlin-0232,perlin,maps/perlin/perlin-0232.json,343379879,46,50,1.0,0.79913,0.20087,1,0.79913,0.329787,0.85087,83.7276
perlin-0233,perlin,maps/perlin/perlin-0233.json,728072527,41,36,0.339286,0.227642,0.772358,9,0.077236,0.766667,0.577642,41.6074
perlin-0234,perlin,maps/perlin/perlin-0234.json,606597619,49,35,0.998294,0.683382,0.316618,2,0.682216,0.493902,0.966618,86.6971
perlin-0235,perlin,maps/perlin/perlin-0235.json,223818931,33,39,0.641905,0.407925,0.592075,17,0.261849,0.664286,0.757925,57.6644
perlin-0236,perlin,maps/perlin/perlin-0236.json,2088009046,44,33,0.998265,0.794077,0.205923,2,0.7927,0.293333,0.855923,83.0259
perlin-0237,perlin,maps/perlin/perlin-0237.json,1007473607,33,38,1.0,0.685008,0.314992,1,0.685008,0.282609,0.964992,84.9676
perlin-0238,perlin,maps/perlin/perlin-0238.json,1358021548,49,34,1.0,0.929772,0.070228,1,0.929772,0.209877,0.720228,80.5689
perlin-0239,perlin,maps/perlin/perlin-0239.json,1838667179,31,39,1.0,0.497932,0.502068,1,0.497932,0.426471,0.847932,78.5676
perlin-0240,perlin,maps/perlin/perlin-0240.json,45799436,47,43,0.565093,0.345868,0.654132,9,0.195448,0.607955,0.695868,53.2967
perlin-0241,perlin,maps/perlin/perlin-0241.json,1996908517,45,35,1.0,0.753016,0.246984,1,0.753016,0.301282,0.896984,84.1342
perlin-0242,perlin,maps/perlin/perlin-0242.json,1899440900,34,35,0.41841,0.401681,0.598319,5,0.168067,0.432836,0.751681,49.8842
perlin-0243,perlin,maps/perlin/perlin-0243.json,2031953736,38,34,1.0,0.905573,0.094427,1,0.905573,0.178571,0.744427,80.6188
perlin-0244,perlin,maps/perlin/perlin-0244.json,1433431024,36,35,0.527027,0.293651,0.706349,8,0.154762,0.673913,0.643651,50.5063
perlin-0245,perlin,maps/perlin/perlin-0245.json,212121130,41,39,1.0,0.80863,0.19137,1,0.80863,0.307692,0.84137,83.3641
perlin-0246,perlin,maps/perlin/perlin-0246.json,1504590165,50,46,0.489716,0.443913,0.556087,13,0.217391,0.505319,0.793913,52.5461
perlin-0247,perlin,maps/perlin/perlin-0247.json,1720137376,50,39,0.384117,0.31641,0.68359,9,0.121538,0.626437,0.66641,45.543
perlin-0248,perlin,maps/perlin/perlin-0248.json,1003586742,39,38,0.997845,0.626181,0.373819,2,0.624831,0.553333,0.976181,86.465
perlin-0249,perlin,maps/perlin/perlin-0249.json,478648883,42,33,0.572108,0.455267,0.544733,4,0.260462,0.534247,0.805267,59.5659
perlin-0250,perlin,maps/perlin/perlin-0250.json,1680670351,46,37,0.608031,0.307286,0.692714,3,0.186839,0.54321,0.657286,54.4148
perlin-0251,perlin,maps/perlin/perlin-0251.json,1051533437,37,32,0.999013,0.855574,0.144426,2,0.85473,0.149254,0.794426,80.6957
perlin-0252,perlin,maps/perlin/perlin-0252.json,754862892,34,47,0.463303,0.272841,0.727159,9,0.126408,0.727848,0.622841,47.5052
perlin-0253,perlin,maps/perlin/perlin-0253.json,345139268,48,47,0.708886,0.66844,0.33156,5,0.473848,0.236559,0.98156,70.7971
perlin-0254,perlin,maps/perlin/perlin-0254.json,2051941355,39,49,0.624756,0.536892,0.463108,8,0.335426,0.343023,0.886892,62.256
perlin-0255,perlin,maps/perlin/perlin-0255.json,603763288,45,44,0.969057,0.669192,0.330808,2,0.648485,0.189655,0.980808,82.5996
perlin-0256,perlin,maps/perlin/perlin-0256.json,367404240,38,37,0.87237,0.507112,0.492888,3,0.44239,0.643836,0.857112,75.4562
perlin-0257,perlin,maps/perlin/perlin-0257.json,1042744848,35,43,0.664987,0.263787,0.736213,7,0.175415,0.710526,0.613787,54.7124
perlin-0258,perlin,maps/perlin/perlin-0258.json,1215034459,48,50,0.404073,0.38875,0.61125,8,0.157083,0.666667,0.73875,50.1201
perlin-0259,perlin,maps/perlin/perlin-0259.json,557932480,42,34,0.376471,0.416667,0.583333,7,0.156863,0.364865,0.766667,47.58
perlin-0260,perlin,maps/perlin/perlin-0260.json,1289268756,39,35,0.831731,0.304762,0.695238,16,0.25348,0.763889,0.654762,60.5771
perlin-0261,perlin,maps/perlin/perlin-0261.json,1174026395,49,41,0.841986,0.441015,0.558985,6,0.371329,0.511364,0.791015,68.4854
perlin-0262,perlin,maps/perlin/perlin-0262.json,181971883,47,47,0.856655,0.265278,0.734722,2,0.227252,0.570652,0.615278,61.8193
perlin-0263,perlin,maps/perlin/perlin-0263.json,1441393146,32,40,0.961098,0.341406,0.658594,4,0.328125,0.721429,0.691406,70.4756
perlin-0264,perlin,maps/perlin/perlin-0264.json,1911108792,43,40,0.977444,0.69593,0.30407,4,0.680233,0.197531,0.95407,81.9624
perlin-0265,perlin,maps/perlin/perlin-0265.json,1669918456,44,46,1.0,0.789032,0.210968,1,0.789032,0.244318,0.860968,83.0244
perlin-0266,perlin,maps/perlin/perlin-0266.json,995033301,49,32,0.869382,0.454082,0.545918,11,0.39477,0.575949,0.804082,69.2126
perlin-0267,perlin,maps/perlin/perlin-0267.json,1682933778,36,39,0.40552,0.33547,0.66453,11,0.13604,0.732877,0.68547,47.54
perlin-0268,perlin,maps/perlin/perlin-0268.json,1400029685,38,38,1.0,0.932133,0.067867,1,0.932133,0.209459,0.717867,80.5293
perlin-0269,perlin,maps/perlin/perlin-0269.json,1666387072,38,48,0.402685,0.326754,0.673246,9,0.131579,0.60119,0.676754,46.4104
perlin-0270,perlin,maps/perlin/perlin-0270.json,120547774,47,31,1.0,0.9849,0.0151,1,0.9849,0.039474,0.6651,78.0379
perlin-0271,perlin,maps/perlin/perlin-0271.json,7692302,30,33,0.887129,0.510101,0.489899,9,0.452525,0.581967,0.860101,73.5876
perlin-0272,perlin,maps/perlin/perlin-0272.json,559190246,50,49,0.655172,0.414286,0.585714,17,0.271429,0.43299,0.764286,56.1636
perlin-0273,perlin,maps/perlin/perlin-0273.json,1803121288,49,38,0.986513,0.557465,0.442535,2,0.549946,0.388235,0.907465,80.5713
perlin-0274,perlin,maps/perlin/perlin-0274.json,168664222,39,50,0.433476,0.477949,0.522051,10,0.207179,0.643678,0.827949,54.2295
perlin-0275,perlin,maps/perlin/perlin-0275.json,1001470381,44,43,0.34143,0.391649,0.608351,11,0.133721,0.452941,0.741649,44.7378
perlin-0276,perlin,maps/perlin/perlin-0276.json,1433655705,43,40,0.89212,0.619767,0.380233,12,0.552907,0.462963,0.969767,77.3932
perlin-0277,perlin,maps/perlin/perlin-0277.json,331627701,50,32,0.533854,0.24,0.76,11,0.128125,0.5875,0.59,46.4365
perlin-0278,perlin,maps/perlin/perlin-0278.json,1074255990,42,43,0.968691,0.58361,0.41639,4,0.565338,0.427711,0.93361,80.9876
perlin-0279,perlin,maps/perlin/perlin-0279.json,621226344,46,32,0.681915,0.638587,0.361413,21,0.435462,0.302632,0.988587,66.7935
perlin-0280,perlin,maps/perlin/perlin-0280.json,709924278,37,40,1.0,0.719595,0.280405,1,0.719595,0.326667,0.930405,84.8894
perlin-0281,perlin,maps/perlin/perlin-0281.json,1027805702,46,35,1.0,0.775776,0.224224,1,0.775776,0.158228,0.874224,82.3623
perlin-0282,perlin,maps/perlin/perlin-0282.json,1212635837,34,31,0.979675,0.466793,0.533207,2,0.457306,0.531746,0.816793,76.7749
perlin-0283,perlin,maps/perlin/perlin-0283.json,224647485,36,42,0.993742,0.528439,0.471561,2,0.525132,0.690789,0.878439,82.3015
perlin-0284,perlin,maps/perlin/perlin-0284.json,1860331365,45,34,1.0,0.680392,0.319608,1,0.680392,0.480519,0.969608,87.016
perlin-0285,perlin,maps/perlin/perlin-0285.json,910850045,41,49,0.982745,0.634644,0.365356,8,0.623693,0.528409,0.984644,84.0362
perlin-0286,perlin,maps/perlin/perlin-0286.json,699008083,40,44,0.998524,0.769886,0.230114,2,0.76875,0.378049,0.880114,84.2485
perlin-0287,perlin,maps/perlin/perlin-0287.json,1691763388,40,39,0.88961,0.49359,0.50641,8,0.439103,0.564935,0.84359,72.9787
perlin-0288,perlin,maps/perlin/perlin-0288.json,559105120,44,45,0.613577,0.386869,0.613131,15,0.237374,0.603448,0.736869,54.9797
perlin-0289,perlin,maps/perlin/perlin-0289.json,366876280,41,38,0.718182,0.21181,0.78819,5,0.152118,0.701299,0.56181,54.5975
perlin-0290,perlin,maps/perlin/perlin-0290.json,1296666935,42,30,0.540698,0.136508,0.863492,3,0.07381,0.664286,0.486508,45.3678
perlin-0291,perlin,maps/perlin/perlin-0291.json,438945097,41,44,0.976288,0.677938,0.322062,10,0.661863,0.277108,0.972062,80.9858
perlin-0292,perlin,maps/perlin/perlin-0292.json,1002173154,45,36,0.48832,0.554938,0.445062,8,0.270988,0.531646,0.904938,59.392
perlin-0293,perlin,maps/perlin/perlin-0293.json,1297317486,37,48,0.639053,0.190315,0.809685,4,0.121622,0.789157,0.540315,52.0733
perlin-0294,perlin,maps/perlin/perlin-0294.json,1566840182,32,30,0.98694,0.558333,0.441667,5,0.551042,0.475,0.908333,80.504
perlin-0295,perlin,maps/perlin/perlin-0295.json,997446507,35,39,1.0,0.615385,0.384615,1,0.615385,0.243056,0.965385,83.1934
perlin-0296,perlin,maps/perlin/perlin-0296.json,896440284,37,43,0.993578,0.685104,0.314896,6,0.680704,0.50641,0.964896,85.2569
perlin-0297,perlin,maps/perlin/perlin-0297.json,11023088,30,49,1.0,0.635374,0.364626,1,0.635374,0.493506,0.985374,86.7973
perlin-0298,perlin,maps/perlin/perlin-0298.json,1759777435,38,44,0.786184,0.363636,0.636364,6,0.285885,0.63125,0.713636,63.593
perlin-0299,perlin,maps/perlin/perlin-0299.json,1031577488,45,32,1.0,0.583333,0.416667,1,0.583333,0.366667,0.933333,82.6667
perlin-0300,perlin,maps/perlin/perlin-0300.json,392534165,43,38,0.428571,0.222766,0.777234,10,0.095471,0.658228,0.572766,43.0623
perlin-0301,perlin,maps/perlin/perlin-0301.json,2001235631,39,43,1.0,0.634466,0.365534,1,0.634466,0.4375,0.984466,86.1873
perlin-0302,perlin,maps/perlin/perlin-0302.json,1351608241,39,30,0.978142,0.15641,0.84359,3,0.152991,0.753731,0.50641,61.6658
perlin-0303,perlin,maps/perlin/perlin-0303.json,47140135,31,42,0.929308,0.521505,0.478495,5,0.484639,0.535211,0.871505,76.7601
perlin-0304,perlin,maps/perlin/perlin-0304.json,791810561,41,31,0.464594,0.455547,0.544453,5,0.211644,0.478571,0.805547,54.4839
perlin-0305,perlin,maps/perlin/perlin-0305.json,1052531791,42,34,0.519031,0.202381,0.797619,18,0.105042,0.628378,0.552381,43.2889
perlin-0306,perlin,maps/perlin/perlin-0306.json,1881632335,38,43,0.974408,0.645655,0.354345,8,0.629131,0.481013,0.995655,83.8062
perlin-0307,perlin,maps/perlin/perlin-0307.json,867513144,45,32,1.0,0.485417,0.514583,1,0.485417,0.706667,0.835417,80.6812
perlin-0308,perlin,maps/perlin/perlin-0308.json,1078690052,31,44,0.982473,0.752933,0.247067,8,0.739736,0.369863,0.897067,81.6982
perlin-0309,perlin,maps/perlin/perlin-0309.json,1588085641,32,41,0.877551,0.522866,0.477134,10,0.458841,0.605634,0.872866,73.7767
perlin-0310,perlin,maps/perlin/perlin-0310.json,1277512182,31,33,0.904918,0.298143,0.701857,2,0.269795,0.532258,0.648143,64.8843
perlin-0311,perlin,maps/perlin/perlin-0311.json,1801999653,48,36,0.896163,0.256366,0.743634,7,0.229745,0.585366,0.606366,61.2229
perlin-0312,perlin,maps/perlin/perlin-0312.json,1747641063,36,42,0.933045,0.306217,0.693783,5,0.285714,0.782895,0.656217,67.8355
perlin-0313,perlin,maps/perlin/perlin-0313.json,44549610,37,39,0.801282,0.216216,0.783784,6,0.17325,0.716216,0.566216,57.4832
perlin-0314,perlin,maps/perlin/perlin-0314.json,2022312474,46,42,0.548291,0.348344,0.651656,16,0.190994,0.703488,0.698344,51.7455
perlin-0315,perlin,maps/perlin/perlin-0315.json,741375910,42,48,1.0,0.555556,0.444444,1,0.555556,0.323864,0.905556,80.7109
perlin-0316,perlin,maps/perlin/perlin-0316.json,1567347185,35,41,0.457921,0.281533,0.718467,6,0.12892,0.527027,0.631533,46.6899
perlin-0317,perlin,maps/perlin/perlin-0317.json,308831862,39,42,0.512295,0.148962,0.851038,3,0.076313,0.740506,0.498962,45.7638
perlin-0318,perlin,maps/perlin/perlin-0318.json,520074285,34,45,1.0,0.771895,0.228105,1,0.771895,0.279221,0.878105,83.6304
perlin-0319,perlin,maps/perlin/perlin-0319.json,1130372390,37,46,1.0,0.685664,0.314336,1,0.685664,0.308642,0.964336,85.2181
perlin-0320,perlin,maps/perlin/perlin-0320.json,239557330,40,34,0.975223,0.741912,0.258088,2,0.723529,0.430556,0.908088,84.1493
perlin-0321,perlin,maps/perlin/perlin-0321.json,927530593,48,35,0.648045,0.213095,0.786905,7,0.138095,0.549383,0.563095,50.0721
perlin-0322,perlin,maps/perlin/perlin-0322.json,797706391,48,30,0.455378,0.303472,0.696528,6,0.138194,0.486842,0.653472,47.1652
perlin-0323,perlin,maps/perlin/perlin-0323.json,582113716,30,40,0.55122,0.341667,0.658333,3,0.188333,0.588235,0.691667,54.3939
perlin-0324,perlin,maps/perlin/perlin-0324.json,1665484607,42,49,0.682646,0.506803,0.493197,10,0.345967,0.44382,0.856803,63.4917
perlin-0325,perlin,maps/perlin/perlin-0325.json,1266629336,31,30,1.0,0.26129,0.73871,1,0.26129,0.618644,0.61129,67.4741
perlin-0326,perlin,maps/perlin/perlin-0326.json,1134295232,50,37,0.92602,0.423784,0.576216,4,0.392432,0.629412,0.773784,72.6725
perlin-0327,perlin,maps/perlin/perlin-0327.json,1907610380,34,33,0.307692,0.104278,0.895722,8,0.032086,0.730769,0.454278,35.4132
perlin-0328,perlin,maps/perlin/perlin-0328.json,618339538,46,36,1.0,0.658213,0.341787,1,0.658213,0.34375,0.991787,85.981
perlin-0329,perlin,maps/perlin/perlin-0329.json,1827374500,41,42,0.999365,0.914634,0.085366,2,0.914053,0.092593,0.735366,79.2591
perlin-0330,perlin,maps/perlin/perlin-0330.json,1673223095,43,48,1.0,0.647771,0.352229,1,0.647771,0.280899,0.997771,85.3531
perlin-0331,perlin,maps/perlin/perlin-0331.json,487370115,46,48,0.996899,0.584239,0.415761,4,0.582428,0.440217,0.934239,82.3227
perlin-0332,perlin,maps/perlin/perlin-0332.json,1138361554,38,34,0.975877,0.352941,0.647059,3,0.344427,0.678571,0.702941,71.5535
perlin-0333,perlin,maps/perlin/perlin-0333.json,2117861236,47,37,0.911147,0.355952,0.644048,3,0.324324,0.646341,0.705952,68.9926
perlin-0334,perlin,maps/perlin/perlin-0334.json,1838633347,42,32,0.998008,0.373512,0.626488,2,0.372768,0.513889,0.723512,72.1907
perlin-0335,perlin,maps/perlin/perlin-0335.json,1886075783,34,42,0.315498,0.379552,0.620448,16,0.119748,0.459459,0.729552,41.9888
perlin-0336,perlin,maps/perlin/perlin-0336.json,2012304560,42,46,0.560099,0.417702,0.582298,5,0.233954,0.69186,0.767702,58.6036
perlin-0337,perlin,maps/perlin/perlin-0337.json,277989179,43,30,0.700521,0.595349,0.404651,7,0.417054,0.330986,0.945349,68.4204
perlin-0338,perlin,maps/perlin/perlin-0338.json,1550283388,47,43,1.0,0.786244,0.213756,1,0.786244,0.142045,0.863756,82.0435
perlin-0339,perlin,maps/perlin/perlin-0339.json,1300824756,44,49,0.587185,0.441558,0.558442,4,0.259276,0.67033,0.791558,60.8756
perlin-0340,perlin,maps/perlin/perlin-0340.json,1657557761,50,36,0.870968,0.344444,0.655556,4,0.3,0.696429,0.694444,67.0655
perlin-0341,perlin,maps/perlin/perlin-0341.json,1707270703,32,33,0.908257,0.206439,0.793561,2,0.1875,0.746032,0.556439,62.2667
perlin-0342,perlin,maps/perlin/perlin-0342.json,1767597206,45,38,0.996823,0.736257,0.263743,4,0.733918,0.376543,0.913743,83.9961
perlin-0343,perlin,maps/perlin/perlin-0343.json,301415138,33,48,0.637462,0.208965,0.791035,5,0.133207,0.791139,0.558965,52.5965
perlin-0344,perlin,maps/perlin/perlin-0344.json,1083390550,37,45,0.982222,0.675676,0.324324,2,0.663664,0.3875,0.974324,85.0496
perlin-0345,perlin,maps/perlin/perlin-0345.json,2050409874,33,30,0.994872,0.787879,0.212121,2,0.783838,0.245902,0.862121,82.4895
perlin-0346,perlin,maps/perlin/perlin-0346.json,108270181,36,46,0.931716,0.672101,0.327899,5,0.626208,0.3125,0.977899,81.1604
perlin-0347,perlin,maps/perlin/perlin-0347.json,647478553,36,46,1.0,0.730072,0.269928,1,0.730072,0.2,0.919928,83.4656
perlin-0348,perlin,maps/perlin/perlin-0348.json,1151176474,38,40,0.769986,0.469079,0.530921,5,0.361184,0.559211,0.819079,67.9165
perlin-0349,perlin,maps/perlin/perlin-0349.json,2131490442,40,49,0.633721,0.17551,0.82449,7,0.111224,0.724138,0.52551,49.537
perlin-0350,perlin,maps/perlin/perlin-0350.json,338760097,42,44,0.252632,0.257035,0.742965,24,0.064935,0.654762,0.607035,36.6715
perlin-0351,perlin,maps/perlin/perlin-0351.json,1795028319,41,41,1.0,0.469363,0.530637,1,0.469363,0.7375,0.819363,80.1067
perlin-0352,perlin,maps/perlin/perlin-0352.json,1117857808,45,49,0.408575,0.359637,0.640363,13,0.146939,0.521739,0.709637,45.9174
perlin-0353,perlin,maps/perlin/perlin-0353.json,1683865945,41,44,0.999218,0.708426,0.291574,2,0.707871,0.427711,0.941574,85.6995
perlin-0354,perlin,maps/perlin/perlin-0354.json,1726322673,38,42,0.265993,0.18609,0.81391,9,0.049499,0.660256,0.53609,36.3355
perlin-0355,perlin,maps/perlin/perlin-0355.json,1383614431,38,46,0.976767,0.590961,0.409039,2,0.577231,0.445122,0.940961,82.5658
perlin-0356,perlin,maps/perlin/perlin-0356.json,1900834354,38,37,0.965228,0.593172,0.406828,9,0.572546,0.445205,0.943172,79.8708
perlin-0357,perlin,maps/perlin/perlin-0357.json,1172302774,33,46,0.990709,0.779974,0.220026,8,0.772727,0.363636,0.870026,81.5964
perlin-0358,perlin,maps/perlin/perlin-0358.json,2122827461,33,40,0.355932,0.223485,0.776515,11,0.079545,0.732394,0.573485,40.9981
perlin-0359,perlin,maps/perlin/perlin-0359.json,1448093594,31,50,0.921348,0.689032,0.310968,6,0.634839,0.272152,0.960968,79.6926
perlin-0360,perlin,maps/perlin/perlin-0360.json,1238801779,38,37,0.824242,0.117354,0.882646,7,0.096728,0.767123,0.467354,53.3571
perlin-0361,perlin,maps/perlin/perlin-0361.json,143656966,30,48,1.0,0.543056,0.456944,1,0.543056,0.546053,0.893056,82.2452
perlin-0362,perlin,maps/perlin/perlin-0362.json,642596080,45,33,1.0,0.614815,0.385185,1,0.614815,0.322368,0.964815,83.9552
perlin-0363,perlin,maps/perlin/perlin-0363.json,821788249,34,41,0.522796,0.236011,0.763989,12,0.123386,0.5,0.586011,44.662
perlin-0364,perlin,maps/perlin/perlin-0364.json,564165351,42,49,0.941374,0.580175,0.419825,3,0.546161,0.432584,0.930175,80.0464
perlin-0365,perlin,maps/perlin/perlin-0365.json,258571027,36,38,0.998047,0.748538,0.251462,2,0.747076,0.361111,0.901462,84.3785
perlin-0366,perlin,maps/perlin/perlin-0366.json,226629154,37,43,0.752688,0.409177,0.590823,2,0.307982,0.365385,0.759177,63.2987
perlin-0367,perlin,maps/perlin/perlin-0367.json,1410983636,42,49,0.888047,0.577259,0.422741,29,0.512634,0.52809,0.927259,74.6291
perlin-0368,perlin,maps/perlin/perlin-0368.json,107566957,38,36,0.814534,0.673977,0.326023,11,0.548977,0.319444,0.976023,74.1041
perlin-0369,perlin,maps/perlin/perlin-0369.json,1557188503,34,30,1.0,0.267647,0.732353,1,0.267647,0.709677,0.617647,68.734
perlin-0370,perlin,maps/perlin/perlin-0370.json,87269377,49,46,0.705249,0.329636,0.670364,10,0.232476,0.709677,0.679636,58.3577
perlin-0371,perlin,maps/perlin/perlin-0371.json,694888019,49,44,0.622328,0.390538,0.609462,3,0.243043,0.554945,0.740538,58.999
perlin-0372,perlin,maps/perlin/perlin-0372.json,168769797,49,42,0.668535,0.6069,0.3931,3,0.405734,0.404494,0.9569,69.7072
perlin-0373,perlin,maps/perlin/perlin-0373.json,445060280,36,43,0.404082,0.316537,0.683463,6,0.127907,0.662338,0.666537,47.6328
perlin-0374,perlin,maps/perlin/perlin-0374.json,2013776820,37,44,0.460692,0.390663,0.609337,5,0.179975,0.639241,0.740663,53.0692
perlin-0375,perlin,maps/perlin/perlin-0375.json,1707083395,38,38,0.517483,0.198061,0.801939,4,0.102493,0.594595,0.548061,46.3691
perlin-0376,perlin,maps/perlin/perlin-0376.json,336395861,30,39,0.497512,0.34359,0.65641,6,0.17094,0.731343,0.69359,52.9333
perlin-0377,perlin,maps/perlin/perlin-0377.json,971880520,42,38,0.780973,0.566416,0.433584,7,0.442356,0.532051,0.916416,72.3381
perlin-0378,perlin,maps/perlin/perlin-0378.json,330836177,36,50,0.433198,0.137222,0.862778,4,0.059444,0.839286,0.487222,43.2971
perlin-0379,perlin,maps/perlin/perlin-0379.json,873101337,50,47,0.548421,0.404255,0.595745,8,0.221702,0.494737,0.754255,54.5663
perlin-0380,perlin,maps/perlin/perlin-0380.json,1307625772,37,40,0.834101,0.293243,0.706757,8,0.244595,0.806667,0.643243,62.8284
perlin-0381,perlin,maps/perlin/perlin-0381.json,1521046931,36,34,0.854839,0.253268,0.746732,11,0.216503,0.735294,0.603268,59.7759
perlin-0382,perlin,maps/perlin/perlin-0382.json,1992109905,48,36,0.547078,0.356481,0.643519,3,0.195023,0.530488,0.706481,54.3445
perlin-0383,perlin,maps/perlin/perlin-0383.json,1668518219,36,46,0.982287,0.75,0.25,2,0.736715,0.375,0.9,83.7862
perlin-0384,perlin,maps/perlin/perlin-0384.json,1099717530,42,47,0.536339,0.752786,0.247214,8,0.403749,0.172414,0.897214,59.6251
perlin-0385,perlin,maps/perlin/perlin-0385.json,1436688558,46,37,0.965486,0.646886,0.353114,2,0.624559,0.395062,0.996886,84.6307
perlin-0386,perlin,maps/perlin/perlin-0386.json,463189715,46,38,0.94294,0.591533,0.408467,3,0.55778,0.5,0.941533,81.3975
perlin-0387,perlin,maps/perlin/perlin-0387.json,343602031,33,35,0.828652,0.61645,0.38355,12,0.510823,0.242424,0.96645,72.326
perlin-0388,perlin,maps/perlin/perlin-0388.json,217503608,45,38,0.535354,0.115789,0.884211,5,0.061988,0.851852,0.465789,45.4549
perlin-0389,perlin,maps/perlin/perlin-0389.json,146134675,36,46,0.956522,0.569444,0.430556,5,0.544686,0.46875,0.919444,79.7908
perlin-0390,perlin,maps/perlin/perlin-0390.json,1933793560,34,31,0.496718,0.433586,0.566414,9,0.21537,0.412698,0.783586,52.7614
perlin-0391,perlin,maps/perlin/perlin-0391.json,1646703393,42,34,0.63964,0.077731,0.922269,2,0.04972,0.898649,0.427731,48.474
perlin-0392,perlin,maps/perlin/perlin-0392.json,839703927,34,30,0.977865,0.752941,0.247059,5,0.736275,0.298387,0.897059,81.7757
perlin-0393,perlin,maps/perlin/perlin-0393.json,1917136587,47,43,0.998,0.742207,0.257793,4,0.740722,0.232955,0.907793,82.5234
perlin-0394,perlin,maps/perlin/perlin-0394.json,212872381,34,34,0.806452,0.455882,0.544118,3,0.367647,0.19697,0.805882,65.7221
perlin-0395,perlin,maps/perlin/perlin-0395.json,546745774,37,44,0.73913,0.113022,0.886978,4,0.083538,0.949367,0.463022,53.2108
perlin-0396,perlin,maps/perlin/perlin-0396.json,1860612850,49,44,0.647887,0.362245,0.637755,6,0.234694,0.637363,0.712245,58.4327
perlin-0397,perlin,maps/perlin/perlin-0397.json,1860769327,39,41,0.515006,0.520951,0.479049,2,0.268293,0.371795,0.870951,59.3506
perlin-0398,perlin,maps/perlin/perlin-0398.json,74163127,43,42,0.331984,0.273533,0.726467,22,0.090808,0.674699,0.623533,40.3463
perlin-0399,perlin,maps/perlin/perlin-0399.json,1122685295,30,33,1.0,0.89798,0.10202,1,0.89798,0.254098,0.75202,81.488
perlin-0400,perlin,maps/perlin/perlin-0400.json,1470412790,46,39,0.810704,0.56243,0.43757,2,0.455964,0.427711,0.91243,73.9859
perlin-0401,perlin,maps/perlin/perlin-0401.json,64374982,48,31,1.0,0.061156,0.938844,1,0.061156,0.915584,0.411156,59.4361
perlin-0402,perlin,maps/perlin/perlin-0402.json,1078024311,50,32,1.0,0.71,0.29,1,0.71,0.45,0.94,86.2667
perlin-0403,perlin,maps/perlin/perlin-0403.json,1281340853,48,43,1.0,0.869186,0.130814,1,0.869186,0.342697,0.780814,82.8058
perlin-0404,perlin,maps/perlin/perlin-0404.json,840698599,32,35,0.840544,0.722321,0.277679,2,0.607143,0.330769,0.927679,77.4689
perlin-0405,perlin,maps/perlin/perlin-0405.json,1280023697,41,47,0.500675,0.384536,0.615464,5,0.192527,0.784884,0.734536,55.7617
perlin-0406,perlin,maps/perlin/perlin-0406.json,1870935194,39,47,0.472585,0.208947,0.791053,10,0.098745,0.761905,0.558947,45.0013
perlin-0407,perlin,maps/perlin/perlin-0407.json,542962962,38,47,0.99929,0.788914,0.211086,2,0.788354,0.246988,0.861086,82.687
perlin-0408,perlin,maps/perlin/perlin-0408.json,894935044,37,33,0.570332,0.320229,0.679771,7,0.182637,0.661765,0.670229,53.5051
perlin-0409,perlin,maps/perlin/perlin-0409.json,461516200,30,32,0.996894,0.670833,0.329167,2,0.66875,0.416667,0.979167,86.0527
perlin-0410,perlin,maps/perlin/perlin-0410.json,861471065,31,42,0.994675,0.721198,0.278802,4,0.717358,0.21831,0.928802,82.5452
perlin-0411,perlin,maps/perlin/perlin-0411.json,1176791975,43,36,0.998881,0.577519,0.422481,2,0.576873,0.415584,0.927519,82.4563
perlin-0412,perlin,maps/perlin/perlin-0412.json,1914420925,35,45,0.786738,0.354286,0.645714,32,0.27873,0.74359,0.704286,61.2627
perlin-0413,perlin,maps/perlin/perlin-0413.json,344230783,46,32,1.0,0.902853,0.097147,1,0.902853,0.085526,0.747147,79.7291
perlin-0414,perlin,maps/perlin/perlin-0414.json,1370847069,44,38,0.942743,0.449163,0.550837,2,0.423445,0.6125,0.799163,75.1802
perlin-0415,perlin,maps/perlin/perlin-0415.json,1677909776,46,44,0.772372,0.568676,0.431324,4,0.439229,0.517045,0.918676,72.9465
perlin-0416,perlin,maps/perlin/perlin-0416.json,62857606,46,47,0.38835,0.381129,0.618871,12,0.148011,0.516484,0.731129,46.365
perlin-0417,perlin,maps/perlin/perlin-0417.json,1541568144,31,37,0.462428,0.301656,0.698344,6,0.139494,0.742424,0.651656,49.8949
perlin-0418,perlin,maps/perlin/perlin-0418.json,1673753662,36,48,0.557457,0.23669,0.76331,2,0.131944,0.640244,0.58669,50.6325
perlin-0419,perlin,maps/perlin/perlin-0419.json,1469916366,42,39,0.989646,0.70757,0.29243,5,0.700244,0.310127,0.94243,83.1139
perlin-0420,perlin,maps/perlin/perlin-0420.json,40033039,45,42,0.318942,0.379894,0.620106,19,0.121164,0.670588,0.729894,44.2437
perlin-0421,perlin,maps/perlin/perlin-0421.json,1666606198,37,38,0.916318,0.339972,0.660028,5,0.311522,0.787671,0.689972,69.079
perlin-0422,perlin,maps/perlin/perlin-0422.json,1903997247,31,50,0.536616,0.510968,0.489032,6,0.274194,0.493671,0.860968,59.6529
perlin-0423,perlin,maps/perlin/perlin-0423.json,1553942231,39,46,0.858278,0.420847,0.579153,7,0.361204,0.656627,0.770847,69.185
perlin-0424,perlin,maps/perlin/perlin-0424.json,1298338033,48,41,1.0,0.693598,0.306402,1,0.693598,0.448276,0.956402,86.4955
perlin-0425,perlin,maps/perlin/perlin-0425.json,1344306505,48,39,1.0,0.708868,0.291132,1,0.708868,0.217647,0.941132,83.9601
perlin-0426,perlin,maps/perlin/perlin-0426.json,2132298856,46,35,1.0,0.940373,0.059627,1,0.940373,0.0,0.709627,78.3111
perlin-0427,perlin,maps/perlin/perlin-0427.json,233372862,43,35,0.9614,0.740199,0.259801,2,0.711628,0.256579,0.909801,81.8167
perlin-0428,perlin,maps/perlin/perlin-0428.json,603738171,49,44,0.760307,0.483766,0.516234,16,0.367811,0.494505,0.833766,64.2923
perlin-0429,perlin,maps/perlin/perlin-0429.json,1506370993,46,38,1.0,0.820938,0.179062,1,0.820938,0.323171,0.829062,83.3343
perlin-0430,perlin,maps/perlin/perlin-0430.json,44022850,33,42,0.954727,0.541847,0.458153,7,0.517316,0.513699,0.891847,78.0064
perlin-0431,perlin,maps/perlin/perlin-0431.json,958140907,37,41,0.946143,0.452868,0.547132,3,0.428477,0.559211,0.802868,74.6463
perlin-0432,perlin,maps/perlin/perlin-0432.json,1426818901,32,32,0.807018,0.445312,0.554688,7,0.359375,0.604839,0.795312,67.949
perlin-0433,perlin,maps/perlin/perlin-0433.json,579559690,45,42,0.949653,0.304762,0.695238,8,0.289418,0.770588,0.654762,67.2338
perlin-0434,perlin,maps/perlin/perlin-0434.json,593807533,36,46,0.994403,0.323671,0.676329,3,0.32186,0.66875,0.673671,70.5353
perlin-0435,perlin,maps/perlin/perlin-0435.json,1603685233,31,41,0.997886,0.372148,0.627852,2,0.371361,0.692857,0.722148,73.9009
perlin-0436,perlin,maps/perlin/perlin-0436.json,798367743,50,38,0.903351,0.408421,0.591579,9,0.368947,0.505814,0.758421,68.0823
perlin-0437,perlin,maps/perlin/perlin-0437.json,1204554678,49,34,0.926997,0.435774,0.564226,7,0.403962,0.635802,0.785774,72.4159
perlin-0438,perlin,maps/perlin/perlin-0438.json,1571612404,38,42,0.95258,0.449248,0.550752,11,0.427945,0.596154,0.799248,72.4049
perlin-0439,perlin,maps/perlin/perlin-0439.json,1539406508,39,45,0.996756,0.702564,0.297436,4,0.700285,0.469512,0.947436,85.4304
perlin-0440,perlin,maps/perlin/perlin-0440.json,763055966,31,42,1.0,0.650538,0.349462,1,0.650538,0.338028,0.999462,86.0389
perlin-0441,perlin,maps/perlin/perlin-0441.json,871333295,44,33,0.753623,0.427686,0.572314,5,0.322314,0.74,0.777686,67.0073
perlin-0442,perlin,maps/perlin/perlin-0442.json,620513636,37,46,0.812693,0.379553,0.620447,3,0.308461,0.530864,0.729553,65.393
perlin-0443,perlin,maps/perlin/perlin-0443.json,1708534821,30,37,0.798658,0.402703,0.597297,4,0.321622,0.4,0.752703,64.4034
perlin-0444,perlin,maps/perlin/perlin-0444.json,712240445,32,37,0.992048,0.849662,0.150338,5,0.842905,0.395522,0.800338,81.9199
perlin-0445,perlin,maps/perlin/perlin-0445.json,1668384375,48,41,0.945925,0.648374,0.351626,4,0.613313,0.275862,0.998374,82.0124
perlin-0446,perlin,maps/perlin/perlin-0446.json,1214835396,50,42,0.989641,0.597619,0.402381,9,0.591429,0.594444,0.947619,82.6289
perlin-0447,perlin,maps/perlin/perlin-0447.json,900071744,45,43,0.957647,0.439276,0.560724,2,0.420672,0.72093,0.789276,76.3102
perlin-0448,perlin,maps/perlin/perlin-0448.json,2143768936,46,44,1.0,0.777668,0.222332,1,0.777668,0.198864,0.872332,82.7403
perlin-0449,perlin,maps/perlin/perlin-0449.json,1303853705,31,41,0.484241,0.274587,0.725413,10,0.132966,0.685714,0.624587,47.5709
perlin-0450,perlin,maps/perlin/perlin-0450.json,1714192429,33,45,0.867164,0.451178,0.548822,2,0.391246,0.276316,0.801178,68.9776
perlin-0451,perlin,maps/perlin/perlin-0451.json,1925817720,33,44,1.0,0.971074,0.028926,1,0.971074,0.113333,0.678926,78.9839
perlin-0452,perlin,maps/perlin/perlin-0452.json,909635805,35,48,0.802356,0.454762,0.545238,3,0.364881,0.475309,0.804762,68.2881
perlin-0453,perlin,maps/perlin/perlin-0453.json,1564789240,40,35,0.502538,0.140714,0.859286,6,0.070714,0.678082,0.490714,43.4462
perlin-0454,perlin,maps/perlin/perlin-0454.json,684560757,46,35,0.514943,0.270186,0.729814,6,0.13913,0.664557,0.620186,49.583
perlin-0455,perlin,maps/perlin/perlin-0455.json,1846828988,41,43,0.994364,0.704481,0.295519,6,0.70051,0.518293,0.945519,85.1172
perlin-0456,perlin,maps/perlin/perlin-0456.json,1773664932,49,40,0.619926,0.276531,0.723469,4,0.171429,0.614943,0.626531,53.771
perlin-0457,perlin,maps/perlin/perlin-0457.json,1631696488,39,50,0.479245,0.271795,0.728205,9,0.130256,0.62069,0.621795,46.9522
perlin-0458,perlin,maps/perlin/perlin-0458.json,1303294327,46,34,0.821497,0.33312,0.66688,6,0.273657,0.564103,0.68312,62.6683
perlin-0459,perlin,maps/perlin/perlin-0459.json,1745553272,38,38,0.457859,0.304017,0.695983,12,0.139197,0.777027,0.654017,48.1805
perlin-0460,perlin,maps/perlin/perlin-0460.json,1725111598,49,44,0.694796,0.329777,0.670223,10,0.229128,0.659341,0.679777,57.4787
perlin-0461,perlin,maps/perlin/perlin-0461.json,1699008169,32,40,1.0,0.814844,0.185156,1,0.814844,0.478571,0.835156,84.9797
perlin-0462,perlin,maps/perlin/perlin-0462.json,1512150877,50,39,0.771366,0.702051,0.297949,4,0.541538,0.321839,0.947949,74.035
perlin-0463,perlin,maps/perlin/perlin-0463.json,1090726532,45,31,0.426087,0.247312,0.752688,9,0.105376,0.594595,0.597312,43.742
perlin-0464,perlin,maps/perlin/perlin-0464.json,398759677,50,40,0.997132,0.523,0.477,3,0.5215,0.363636,0.873,78.5353
perlin-0465,perlin,maps/perlin/perlin-0465.json,989935924,30,44,0.914986,0.525758,0.474242,10,0.481061,0.5625,0.875758,75.014
perlin-0466,perlin,maps/perlin/perlin-0466.json,1565551539,31,37,0.993925,0.717524,0.282476,3,0.713165,0.257576,0.932476,83.2935
perlin-0467,perlin,maps/perlin/perlin-0467.json,731669224,49,33,0.668571,0.21645,0.78355,14,0.144712,0.78125,0.56645,50.923
perlin-0468,perlin,maps/perlin/perlin-0468.json,217770461,48,40,1.0,0.108854,0.891146,1,0.108854,0.755814,0.458854,60.4618
perlin-0469,perlin,maps/perlin/perlin-0469.json,1420445649,38,43,0.962325,0.568543,0.431457,4,0.547124,0.474684,0.918543,80.3747
perlin-0470,perlin,maps/perlin/perlin-0470.json,586601886,45,50,0.806276,0.325778,0.674222,5,0.262667,0.688172,0.675778,63.3089
perlin-0471,perlin,maps/perlin/perlin-0471.json,1156516010,39,46,0.962371,0.592531,0.407469,4,0.570234,0.5,0.942531,81.931
perlin-0472,perlin,maps/perlin/perlin-0472.json,1189866468,44,48,0.37069,0.439394,0.560606,13,0.162879,0.422222,0.789394,46.8959
perlin-0473,perlin,maps/perlin/perlin-0473.json,1130751164,38,40,0.641026,0.384868,0.615132,10,0.246711,0.592105,0.734868,57.4731
perlin-0474,perlin,maps/perlin/perlin-0474.json,1859346361,41,45,0.889772,0.545799,0.454201,5,0.485637,0.5,0.895799,76.0922
perlin-0475,perlin,maps/perlin/perlin-0475.json,1010762757,46,38,0.850897,0.510297,0.489703,6,0.434211,0.390244,0.860297,71.224
perlin-0476,perlin,maps/perlin/perlin-0476.json,282686269,41,48,0.462435,0.392276,0.607724,14,0.181402,0.477011,0.742276,48.5842
perlin-0477,perlin,maps/perlin/perlin-0477.json,278152138,40,32,0.386243,0.295312,0.704688,9,0.114062,0.564286,0.645312,44.0973
perlin-0478,perlin,maps/perlin/perlin-0478.json,2064798819,50,43,0.990299,0.623256,0.376744,4,0.617209,0.340659,0.973256,83.1904
perlin-0479,perlin,maps/perlin/perlin-0479.json,585381320,37,34,0.9553,0.622417,0.377583,2,0.594595,0.304348,0.972417,81.9623
perlin-0480,perlin,maps/perlin/perlin-0480.json,749285221,37,42,0.521036,0.397683,0.602317,7,0.207207,0.525974,0.747683,53.8705
perlin-0481,perlin,maps/perlin/perlin-0481.json,1861331986,37,40,0.683727,0.514865,0.485135,7,0.352027,0.406667,0.864865,64.556
perlin-0482,perlin,maps/perlin/perlin-0482.json,730978016,45,36,0.480331,0.596296,0.403704,3,0.28642,0.373418,0.946296,60.9929
perlin-0483,perlin,maps/perlin/perlin-0483.json,277804147,48,37,0.937383,0.602477,0.397523,15,0.564752,0.36747,0.952477,76.428
perlin-0484,perlin,maps/perlin/perlin-0484.json,613312228,41,32,0.556876,0.448933,0.551067,5,0.25,0.352113,0.798933,56.5234
perlin-0485,perlin,maps/perlin/perlin-0485.json,1289850368,36,30,1.0,0.180556,0.819444,1,0.180556,0.773438,0.530556,64.5816
perlin-0486,perlin,maps/perlin/perlin-0486.json,1945501289,48,47,0.81622,0.595745,0.404255,5,0.486259,0.327957,0.945745,73.9258
perlin-0487,perlin,maps/perlin/perlin-0487.json,676104893,39,39,0.959075,0.738988,0.261012,3,0.708744,0.164474,0.911012,80.4773
perlin-0488,perlin,maps/perlin/perlin-0488.json,1050206791,33,36,0.961259,0.695286,0.304714,3,0.66835,0.320896,0.954714,82.8287
perlin-0489,perlin,maps/perlin/perlin-0489.json,457390561,41,34,1.0,0.586801,0.413199,1,0.586801,0.630137,0.936801,85.4921
perlin-0490,perlin,maps/perlin/perlin-0490.json,2031861041,43,44,0.77163,0.52537,0.47463,6,0.405391,0.482353,0.87537,69.7182
perlin-0491,perlin,maps/perlin/perlin-0491.json,1420460526,35,30,0.608541,0.267619,0.732381,4,0.162857,0.650794,0.617619,53.3046
perlin-0492,perlin,maps/perlin/perlin-0492.json,1638123505,48,33,0.895349,0.162879,0.837121,4,0.145833,0.917722,0.512879,60.5718
perlin-0493,perlin,maps/perlin/perlin-0493.json,1059604886,33,44,0.469512,0.338843,0.661157,5,0.159091,0.7,0.688843,51.71
perlin-0494,perlin,maps/perlin/perlin-0494.json,172092202,50,30,0.913793,0.309333,0.690667,7,0.282667,0.801282,0.659333,66.8233
perlin-0495,perlin,maps/perlin/perlin-0495.json,1986422979,45,38,0.987678,0.616959,0.383041,2,0.609357,0.469136,0.966959,84.6857
perlin-0496,perlin,maps/perlin/perlin-0496.json,393068419,38,41,0.3257,0.252246,0.747754,27,0.082157,0.746753,0.602246,39.9603
perlin-0497,perlin,maps/perlin/perlin-0497.json,1963571536,45,43,0.512605,0.061499,0.938501,2,0.031525,0.813953,0.411499,42.884
perlin-0498,perlin,maps/perlin/perlin-0498.json,1035152187,37,35,0.94902,0.590734,0.409266,2,0.560618,0.278571,0.940734,79.7277
perlin-0499,perlin,maps/perlin/perlin-0499.json,63961454,41,49,0.471429,0.174216,0.825784,4,0.08213,0.6875,0.524216,44.6747
perlin-0500,perlin,maps/perlin/perlin-0500.json,792161889,44,45,0.810617,0.35202,0.64798,4,0.285354,0.551724,0.70202,63.7802
